,word,tf-idf
0,확인,0.31365830045632515
1,보다,0.22870917741607044
2,없다,0.222174629489897
3,서다,0.1895018898590298
4,작성,0.13069095852346882
5,사용,0.12415641059729537
6,사항,0.1110873147449485
7,가다,0.10455276681877505
8,경우,0.09801821889260161
9,차량,0.09148367096642818
10,두다,0.08494912304025473
11,취급,0.08494912304025473
12,읽다,0.08494912304025473
13,만들다,0.08494912304025473
14,나오다,0.08494912304025473
15,들다,0.07841457511408129
16,받다,0.07841457511408129
17,화폐,0.0774476597820408
18,암호,0.0774476597820408
19,구매,0.07188002718790786
20,제품,0.07188002718790786
21,되어다,0.07188002718790786
22,좋다,0.07188002718790786
23,거래,0.07188002718790786
24,계약,0.07188002718790786
25,다운로드,0.07188002718790786
26,파일,0.07188002718790786
27,기아,0.06534547926173441
28,첨부파일,0.06534547926173441
29,자동차,0.06534547926173441
30,기재,0.06534547926173441
31,정보,0.06534547926173441
32,내용,0.06534547926173441
33,올리다,0.06534547926173441
34,아파트,0.05890094151277352
35,관리,0.05890094151277352
36,모닝,0.05890094151277352
37,공인,0.05890094151277352
38,적다,0.058810931335560965
39,계시다,0.058810931335560965
40,많다,0.058810931335560965
41,맞다,0.058810931335560965
42,필요하다,0.058810931335560965
43,제로,0.055319756987172
44,쉐보레,0.055319756987172
45,금리,0.055319756987172
46,예산,0.055319756987172
47,계약서,0.05227638340938753
48,게시,0.05227638340938753
49,주다,0.05227638340938753
50,회사,0.05227638340938753
51,검색,0.05227638340938753
52,여자,0.05227638340938753
53,해보다,0.05227638340938753
54,자료,0.05227638340938753
55,포장,0.05048652129666301
56,센터,0.05048652129666301
57,나이,0.05048652129666301
58,카드,0.05048652129666301
59,사진,0.04574183548321409
60,페이지,0.04574183548321409
61,건물,0.04574183548321409
62,개정,0.04574183548321409
63,보기,0.04574183548321409
64,주의,0.04574183548321409
65,중개사,0.04574183548321409
66,판매,0.04574183548321409
67,메뉴얼,0.04574183548321409
68,어렵다,0.04574183548321409
69,이제,0.04574183548321409
70,서도,0.04574183548321409
71,문학,0.04574183548321409
72,아니다,0.04574183548321409
73,건축물,0.04574183548321409
74,회원,0.04574183548321409
75,궁금하다,0.04574183548321409
76,오늘,0.04574183548321409
77,주거,0.04574183548321409
78,조립,0.04574183548321409
79,미래,0.0442558055897376
80,충전기,0.0442558055897376
81,냉각수,0.0442558055897376
82,출입구,0.0442558055897376
83,등록,0.0442558055897376
84,디파이,0.0442558055897376
85,엘지,0.0442558055897376
86,체인,0.0442558055897376
87,부족,0.0442558055897376
88,매도,0.0442558055897376
89,리모콘,0.04207210108055252
90,개공,0.04207210108055252
91,시험,0.04207210108055252
92,꺼내다,0.04207210108055252
93,시스템,0.04207210108055252
94,방식,0.04207210108055252
95,신경,0.04207210108055252
96,저자,0.04207210108055252
97,열다,0.04207210108055252
98,양식,0.04207210108055252
99,하이브리드,0.04207210108055252
100,붙이다,0.04207210108055252
101,출력,0.04207210108055252
102,관계,0.04207210108055252
103,업무,0.04207210108055252
104,권리,0.04207210108055252
105,질문,0.03920728755704064
106,규격,0.03920728755704064
107,드리다,0.03920728755704064
108,상태,0.03920728755704064
109,부분,0.03920728755704064
110,이렇다,0.03920728755704064
111,않다,0.03920728755704064
112,대상,0.03920728755704064
113,마음,0.03920728755704064
114,주소,0.03920728755704064
115,대한,0.03920728755704064
116,현대,0.03920728755704064
117,이해,0.03920728755704064
118,가요,0.03920728755704064
119,찾아보다,0.03920728755704064
120,한글,0.03920728755704064
121,보내다,0.03920728755704064
122,해당,0.03920728755704064
123,끄다,0.03920728755704064
124,정도,0.03920728755704064
125,버리다,0.03920728755704064
126,설치,0.03920728755704064
127,해주다,0.03920728755704064
128,기능,0.03920728755704064
129,가격,0.03920728755704064
130,장님,0.03920728755704064
131,제작,0.03920728755704064
132,보이다,0.03920728755704064
133,소유권,0.03365768086444201
134,인증,0.03365768086444201
135,스파크,0.03365768086444201
136,의무,0.03365768086444201
137,세대,0.03365768086444201
138,일반,0.03365768086444201
139,사업,0.03365768086444201
140,의안,0.03365768086444201
141,교체,0.03365768086444201
142,기도,0.03365768086444201
143,편하다,0.03365768086444201
144,국세,0.03365768086444201
145,기준,0.03365768086444201
146,기입,0.03365768086444201
147,날인,0.03365768086444201
148,요즘,0.03365768086444201
149,살다,0.03365768086444201
150,페이스,0.03365768086444201
151,유선,0.03365768086444201
152,통신,0.03365768086444201
153,달롱넷,0.03365768086444201
154,체크,0.03365768086444201
155,초보,0.03365768086444201
156,리프트,0.03365768086444201
157,쏘렌토,0.03365768086444201
158,때문,0.03365768086444201
159,참조,0.03365768086444201
160,실수,0.03365768086444201
161,직접,0.03365768086444201
162,도장,0.03365768086444201
163,카니발,0.03365768086444201
164,안해,0.03365768086444201
165,더뉴,0.03365768086444201
166,라면,0.03365768086444201
167,에어컨,0.03365768086444201
168,대출,0.0331918541923032
169,손세정,0.0331918541923032
170,내부,0.0331918541923032
171,난이도,0.0331918541923032
172,미디어,0.0331918541923032
173,거주,0.0331918541923032
174,부존재,0.0331918541923032
175,단자,0.0331918541923032
176,실적,0.0331918541923032
177,상층,0.0331918541923032
178,그랜저,0.0331918541923032
179,시행,0.0331918541923032
180,공구,0.0331918541923032
181,상승,0.0331918541923032
182,왁스,0.0331918541923032
183,확정,0.0331918541923032
184,부산,0.0331918541923032
185,지역,0.032672739630867205
186,알다,0.032672739630867205
187,미리,0.032672739630867205
188,실제,0.032672739630867205
189,지금,0.032672739630867205
190,이름,0.032672739630867205
191,해도,0.032672739630867205
192,방향,0.032672739630867205
193,안되다,0.032672739630867205
194,다르다,0.032672739630867205
195,자세하다,0.032672739630867205
196,표시,0.032672739630867205
197,홈페이지,0.032672739630867205
198,그렇다,0.032672739630867205
199,게임,0.032672739630867205
200,오다,0.032672739630867205
201,수정,0.032672739630867205
202,임대,0.032672739630867205
203,보고,0.032672739630867205
204,고객,0.032672739630867205
205,추천,0.032672739630867205
206,모델,0.032672739630867205
207,중개,0.032672739630867205
208,인터넷,0.032672739630867205
209,사이트,0.032672739630867205
210,도움,0.032672739630867205
211,등기부,0.032672739630867205
212,가능하다,0.032672739630867205
213,오피스텔,0.032672739630867205
214,임대차,0.032672739630867205
215,만원,0.032672739630867205
216,문의,0.032672739630867205
217,들어가다,0.032672739630867205
218,하나요,0.032672739630867205
219,부동산,0.032672739630867205
220,주택,0.032672739630867205
221,가지,0.026138191704693763
222,리모컨,0.026138191704693763
223,싶다,0.026138191704693763
224,기본,0.026138191704693763
225,방법,0.026138191704693763
226,따르다,0.026138191704693763
227,쓸다,0.026138191704693763
228,세부,0.026138191704693763
229,고민,0.026138191704693763
230,쓰다,0.026138191704693763
231,찾기,0.026138191704693763
232,보관,0.026138191704693763
233,아래,0.026138191704693763
234,연락처,0.026138191704693763
235,답변,0.026138191704693763
236,뜨다,0.026138191704693763
237,적히다,0.026138191704693763
238,계시,0.026138191704693763
239,등기,0.026138191704693763
240,들어오다,0.026138191704693763
241,참고,0.026138191704693763
242,금액,0.026138191704693763
243,정리,0.026138191704693763
244,기억,0.026138191704693763
245,책자,0.026138191704693763
246,구입,0.026138191704693763
247,매뉴얼,0.026138191704693763
248,신고,0.026138191704693763
249,관련,0.026138191704693763
250,용도,0.026138191704693763
251,내다,0.026138191704693763
252,토지,0.026138191704693763
253,나다,0.026138191704693763
254,신차,0.026138191704693763
255,지다,0.026138191704693763
256,하루,0.026138191704693763
257,넣다,0.026138191704693763
258,대해,0.026138191704693763
259,바꾸다,0.026138191704693763
260,불편하다,0.026138191704693763
261,상관없다,0.026138191704693763
262,영어,0.026138191704693763
263,데칼,0.026138191704693763
264,다운,0.026138191704693763
265,먹다,0.026138191704693763
266,필요,0.026138191704693763
267,견적,0.026138191704693763
268,처음,0.026138191704693763
269,붙다,0.025243260648331507
270,빌리다,0.025243260648331507
271,가끔,0.025243260648331507
272,기다리다,0.025243260648331507
273,대표,0.025243260648331507
274,일자,0.025243260648331507
275,이후,0.025243260648331507
276,교재,0.025243260648331507
277,가능,0.025243260648331507
278,서명,0.025243260648331507
279,단종,0.025243260648331507
280,음으로,0.025243260648331507
281,국어,0.025243260648331507
282,복사,0.025243260648331507
283,그동안,0.025243260648331507
284,챙기다,0.025243260648331507
285,상가,0.025243260648331507
286,대만,0.025243260648331507
287,복잡하다,0.025243260648331507
288,작다,0.025243260648331507
289,대부분,0.025243260648331507
290,임차,0.025243260648331507
291,유튜브,0.025243260648331507
292,귀찮다,0.025243260648331507
293,보조,0.025243260648331507
294,출판,0.025243260648331507
295,자동,0.025243260648331507
296,업설,0.025243260648331507
297,변제,0.025243260648331507
298,준비,0.025243260648331507
299,인쇄,0.025243260648331507
300,스캔,0.025243260648331507
301,배터리,0.025243260648331507
302,외우다,0.025243260648331507
303,서식,0.025243260648331507
304,요구,0.025243260648331507
305,넘다,0.025243260648331507
306,강사,0.025243260648331507
307,맞추다,0.025243260648331507
308,느끼다,0.025243260648331507
309,지원,0.025243260648331507
310,점검,0.025243260648331507
311,걸다,0.025243260648331507
312,발매,0.025243260648331507
313,마다,0.025243260648331507
314,손님,0.025243260648331507
315,정확하다,0.025243260648331507
316,모든,0.025243260648331507
317,소공,0.025243260648331507
318,타입,0.025243260648331507
319,전세,0.025243260648331507
320,선택,0.025243260648331507
321,패키지,0.025243260648331507
322,메세지,0.025243260648331507
323,클래스,0.025243260648331507
324,항목,0.025243260648331507
325,놓다,0.025243260648331507
326,먼저,0.025243260648331507
327,시동,0.025243260648331507
328,현장,0.025243260648331507
329,고등,0.025243260648331507
330,행사,0.0221279027948688
331,과학,0.0221279027948688
332,부지,0.0221279027948688
333,자산,0.0221279027948688
334,대안,0.0221279027948688
335,제어,0.0221279027948688
336,코리아,0.0221279027948688
337,임자,0.0221279027948688
338,현미경,0.0221279027948688
339,콘센트,0.0221279027948688
340,물권,0.0221279027948688
341,시점,0.0221279027948688
342,뉴스,0.0221279027948688
343,택포,0.0221279027948688
344,관해,0.0221279027948688
345,누가,0.0221279027948688
346,면제,0.0221279027948688
347,명란,0.0221279027948688
348,필히,0.0221279027948688
349,교부,0.0221279027948688
350,몇번,0.0221279027948688
351,거세,0.0221279027948688
352,브람스,0.0221279027948688
353,붉다,0.0221279027948688
354,저녁,0.0221279027948688
355,버카,0.0221279027948688
356,화재,0.0221279027948688
357,컷터,0.0221279027948688
358,파워,0.0221279027948688
359,공간,0.0221279027948688
360,하층,0.0221279027948688
361,방울,0.0221279027948688
362,열리다,0.0221279027948688
363,장갑,0.0221279027948688
364,에이,0.0221279027948688
365,새미,0.0221279027948688
366,고스,0.0221279027948688
367,절차,0.0221279027948688
368,잔디,0.0221279027948688
369,근저당,0.0221279027948688
370,성함,0.0221279027948688
371,작성자,0.0221279027948688
372,정기,0.0221279027948688
373,전임,0.0221279027948688
374,경비,0.0221279027948688
375,정산,0.0221279027948688
376,균열,0.0221279027948688
377,확실하다,0.0221279027948688
378,세탁기,0.0221279027948688
379,세팅,0.0221279027948688
380,상자,0.0221279027948688
381,벽면,0.0221279027948688
382,쓰리다,0.0221279027948688
383,특이,0.0221279027948688
384,카페,0.01960364377852032
385,변경,0.01960364377852032
386,보시,0.01960364377852032
387,차다,0.01960364377852032
388,비다,0.01960364377852032
389,주행,0.01960364377852032
390,들이다,0.01960364377852032
391,버튼,0.01960364377852032
392,찍다,0.01960364377852032
393,박스,0.01960364377852032
394,모으다,0.01960364377852032
395,모르다,0.01960364377852032
396,직거래,0.01960364377852032
397,제목,0.01960364377852032
398,리뷰,0.01960364377852032
399,제출,0.01960364377852032
400,조건,0.01960364377852032
401,통해,0.01960364377852032
402,증서,0.01960364377852032
403,남자,0.01960364377852032
404,잇다,0.01960364377852032
405,추가,0.01960364377852032
406,조작,0.01960364377852032
407,대장,0.01960364377852032
408,작동,0.01960364377852032
409,제공,0.01960364377852032
410,찾다,0.01960364377852032
411,출고,0.01960364377852032
412,다시,0.01960364377852032
413,표지,0.01960364377852032
414,생각,0.01960364377852032
415,교환,0.01960364377852032
416,공란,0.01960364377852032
417,새롭다,0.01960364377852032
418,위해,0.01960364377852032
419,상황,0.01960364377852032
420,학교,0.01960364377852032
421,성격,0.01960364377852032
422,해결,0.01960364377852032
423,계속,0.01960364377852032
424,하단,0.01960364377852032
425,운전,0.01960364377852032
426,예전,0.01960364377852032
427,이용,0.01960364377852032
428,관심,0.01960364377852032
429,상품,0.01960364377852032
430,이상하다,0.01960364377852032
431,활용,0.01960364377852032
432,원래,0.01960364377852032
433,아시,0.01960364377852032
434,걱정,0.01960364377852032
435,쉬다,0.01960364377852032
436,힘드다,0.01960364377852032
437,사다,0.01960364377852032
438,알아보다,0.01960364377852032
439,안내,0.01960364377852032
440,아이오,0.01960364377852032
441,설정,0.01960364377852032
442,아주,0.01960364377852032
443,용량,0.01960364377852032
444,겁니다,0.016828840432221007
445,제일,0.016828840432221007
446,투자,0.016828840432221007
447,조회,0.016828840432221007
448,바뀌다,0.016828840432221007
449,남편,0.016828840432221007
450,밉다,0.016828840432221007
451,통한,0.016828840432221007
452,수도,0.016828840432221007
453,수인,0.016828840432221007
454,문제점,0.016828840432221007
455,수특,0.016828840432221007
456,수집,0.016828840432221007
457,전화,0.016828840432221007
458,반영,0.016828840432221007
459,원하다,0.016828840432221007
460,재밌다,0.016828840432221007
461,재테크,0.016828840432221007
462,변동,0.016828840432221007
463,페리,0.016828840432221007
464,계획,0.016828840432221007
465,패턴,0.016828840432221007
466,유니콘,0.016828840432221007
467,기적,0.016828840432221007
468,설치다,0.016828840432221007
469,버스,0.016828840432221007
470,전체,0.016828840432221007
471,목적,0.016828840432221007
472,계기,0.016828840432221007
473,세상,0.016828840432221007
474,나가다,0.016828840432221007
475,순간,0.016828840432221007
476,완료,0.016828840432221007
477,건담,0.016828840432221007
478,실기,0.016828840432221007
479,레이,0.016828840432221007
480,싼타페,0.016828840432221007
481,써주다,0.016828840432221007
482,연료,0.016828840432221007
483,떨어지다,0.016828840432221007
484,쓰이다,0.016828840432221007
485,가져오다,0.016828840432221007
486,디지털,0.016828840432221007
487,등본,0.016828840432221007
488,답답하다,0.016828840432221007
489,당근,0.016828840432221007
490,가솔린,0.016828840432221007
491,대다,0.016828840432221007
492,처리,0.016828840432221007
493,에러,0.016828840432221007
494,대로,0.016828840432221007
495,동봉,0.016828840432221007
496,최근,0.016828840432221007
497,최초,0.016828840432221007
498,켜다,0.016828840432221007
499,마크,0.016828840432221007
500,모습,0.016828840432221007
501,예정,0.016828840432221007
502,헬스장,0.016828840432221007
503,년도,0.016828840432221007
504,주시,0.016828840432221007
505,생산,0.016828840432221007
506,스티커,0.016828840432221007
507,메다,0.016828840432221007
508,주주총회,0.016828840432221007
509,현재,0.016828840432221007
510,개별,0.016828840432221007
511,개다,0.016828840432221007
512,매일,0.016828840432221007
513,중국,0.016828840432221007
514,중앙,0.016828840432221007
515,오일,0.016828840432221007
516,크기,0.016828840432221007
517,즐겁다,0.016828840432221007
518,증거,0.016828840432221007
519,오디오,0.016828840432221007
520,증상,0.016828840432221007
521,급하다,0.016828840432221007
522,던데,0.016828840432221007
523,사서,0.016828840432221007
524,블록,0.016828840432221007
525,국토부,0.016828840432221007
526,이자,0.016828840432221007
527,공제,0.016828840432221007
528,포인트,0.016828840432221007
529,부족하다,0.016828840432221007
530,괜찮다,0.016828840432221007
531,자체,0.016828840432221007
532,이유,0.016828840432221007
533,프린트,0.016828840432221007
534,인생,0.016828840432221007
535,배송,0.013069095852346882
536,바라다,0.013069095852346882
537,종이,0.013069095852346882
538,무료,0.013069095852346882
539,달라,0.013069095852346882
540,코드,0.013069095852346882
541,레고,0.013069095852346882
542,사용자,0.013069095852346882
543,일본어,0.013069095852346882
544,듣다,0.013069095852346882
545,성품,0.013069095852346882
546,표기,0.013069095852346882
547,그대로,0.013069095852346882
548,게시판,0.013069095852346882
549,요청,0.013069095852346882
550,그냥,0.013069095852346882
551,당연하다,0.013069095852346882
552,택배,0.013069095852346882
553,버전,0.013069095852346882
554,운행,0.013069095852346882
555,위치,0.013069095852346882
556,주말,0.013069095852346882
557,주문,0.013069095852346882
558,번역,0.013069095852346882
559,링크,0.013069095852346882
560,종류,0.013069095852346882
561,가입,0.013069095852346882
562,정독,0.013069095852346882
563,용법,0.013069095852346882
564,공부,0.013069095852346882
565,공동,0.013069095852346882
566,상세,0.013069095852346882
567,물어보다,0.013069095852346882
568,원본,0.013069095852346882
569,물건,0.013069095852346882
570,매매,0.013069095852346882
571,자주,0.013069095852346882
572,공유,0.013069095852346882
573,문제,0.013069095852346882
574,삼성,0.013069095852346882
575,영문,0.013069095852346882
576,구합,0.013069095852346882
577,물품,0.013069095852346882
578,비교,0.013069095852346882
579,건지다,0.013069095852346882
580,나눔,0.013069095852346882
581,정말,0.013069095852346882
582,발견,0.013069095852346882
583,마지막,0.013069095852346882
584,해봤다,0.013069095852346882
585,발생,0.013069095852346882
586,감사,0.013069095852346882
587,써다,0.013069095852346882
588,어플,0.013069095852346882
589,누르다,0.013069095852346882
590,사람,0.013069095852346882
591,클릭,0.013069095852346882
592,번호,0.013069095852346882
593,야하다,0.013069095852346882
594,오류,0.013069095852346882
595,선배,0.013069095852346882
596,누락,0.013069095852346882
597,작업,0.013069095852346882
598,갱신,0.013069095852346882
599,알리,0.013069095852346882
600,안전,0.013069095852346882
601,출처,0.013069095852346882
602,첨부,0.013069095852346882
603,독서,0.013069095852346882
604,올라오다,0.013069095852346882
605,신분,0.013069095852346882
606,이미지,0.013069095852346882
607,시설,0.013069095852346882
608,부탁드리다,0.013069095852346882
609,기존,0.013069095852346882
610,처럼,0.013069095852346882
611,앞쪽,0.013069095852346882
612,서로,0.013069095852346882
613,부품,0.013069095852346882
614,삭제,0.013069095852346882
615,대충,0.013069095852346882
616,보통,0.013069095852346882
617,돼다,0.013069095852346882
618,댓글,0.013069095852346882
619,입양,0.013069095852346882
620,서류,0.013069095852346882
621,얘기,0.013069095852346882
622,별도,0.013069095852346882
623,하라,0.013069095852346882
624,지역물품,0.0110639513974344
625,분산,0.0110639513974344
626,지우,0.0110639513974344
627,마음없다,0.0110639513974344
628,열흘,0.0110639513974344
629,지은이,0.0110639513974344
630,라인,0.0110639513974344
631,진도,0.0110639513974344
632,랑케,0.0110639513974344
633,랜딩,0.0110639513974344
634,시험신경,0.0110639513974344
635,쌍용차,0.0110639513974344
636,직거래세대,0.0110639513974344
637,시험중국,0.0110639513974344
638,매년,0.0110639513974344
639,일차,0.0110639513974344
640,신고안녕하다,0.0110639513974344
641,맞다안녕하다,0.0110639513974344
642,엽서,0.0110639513974344
643,부피,0.0110639513974344
644,지평,0.0110639513974344
645,레이아웃,0.0110639513974344
646,신도,0.0110639513974344
647,말머리,0.0110639513974344
648,예습,0.0110639513974344
649,만들어지다,0.0110639513974344
650,잃다,0.0110639513974344
651,링크계약서,0.0110639513974344
652,예산안차량,0.0110639513974344
653,읽다초보,0.0110639513974344
654,라이딩,0.0110639513974344
655,오다제목,0.0110639513974344
656,싶다구매,0.0110639513974344
657,지류,0.0110639513974344
658,사전예약,0.0110639513974344
659,지능,0.0110639513974344
660,막판,0.0110639513974344
661,신형만,0.0110639513974344
662,마을,0.0110639513974344
663,만료,0.0110639513974344
664,실비,0.0110639513974344
665,지방세거래,0.0110639513974344
666,실수확인,0.0110639513974344
667,만원이제,0.0110639513974344
668,지방세물건,0.0110639513974344
669,리코,0.0110639513974344
670,예금,0.0110639513974344
671,지방세빨래,0.0110639513974344
672,이신,0.0110639513974344
673,만트라,0.0110639513974344
674,영역,0.0110639513974344
675,영어건물,0.0110639513974344
676,사진일레븐,0.0110639513974344
677,영수증,0.0110639513974344
678,오시,0.0110639513974344
679,중학생,0.0110639513974344
680,보이다스티커,0.0110639513974344
681,차량들이다,0.0110639513974344
682,써다종이,0.0110639513974344
683,일가,0.0110639513974344
684,돕기,0.0110639513974344
685,철근콘크리트,0.0110639513974344
686,안방,0.0110639513974344
687,사라,0.0110639513974344
688,천원중요,0.0110639513974344
689,에너지,0.0110639513974344
690,동작,0.0110639513974344
691,동형,0.0110639513974344
692,인형,0.0110639513974344
693,아파트스마트,0.0110639513974344
694,비언,0.0110639513974344
695,집합,0.0110639513974344
696,아트지,0.0110639513974344
697,일레븐,0.0110639513974344
698,아카데미인사,0.0110639513974344
699,에어컨비다,0.0110639513974344
700,두껍다요즘,0.0110639513974344
701,일명,0.0110639513974344
702,책자아래,0.0110639513974344
703,두다필요하다,0.0110639513974344
704,두드림,0.0110639513974344
705,사물,0.0110639513974344
706,없다시행,0.0110639513974344
707,알다게임,0.0110639513974344
708,돌아가다,0.0110639513974344
709,업설자동,0.0110639513974344
710,최애,0.0110639513974344
711,최소,0.0110639513974344
712,사기,0.0110639513974344
713,촬영,0.0110639513974344
714,어번,0.0110639513974344
715,초성,0.0110639513974344
716,어보전구,0.0110639513974344
717,초보자대부분,0.0110639513974344
718,빠꾸먹어,0.0110639513974344
719,도르다,0.0110639513974344
720,약력저장,0.0110639513974344
721,초보자,0.0110639513974344
722,도배,0.0110639513974344
723,앵무새,0.0110639513974344
724,억대,0.0110639513974344
725,도움삼성,0.0110639513974344
726,업계유선,0.0110639513974344
727,인적,0.0110639513974344
728,알아내다,0.0110639513974344
729,도장어리다,0.0110639513974344
730,알리다,0.0110639513974344
731,찿아,0.0110639513974344
732,아이오아파트,0.0110639513974344
733,에쿠스,0.0110639513974344
734,따다,0.0110639513974344
735,쓰이다수특,0.0110639513974344
736,따르다해썹,0.0110639513974344
737,쓰이다모레,0.0110639513974344
738,차량없다,0.0110639513974344
739,차량게시판,0.0110639513974344
740,사용계량기,0.0110639513974344
741,쓰레기,0.0110639513974344
742,떠나다,0.0110639513974344
743,일종,0.0110639513974344
744,연락국어,0.0110639513974344
745,뚜껑,0.0110639513974344
746,뚱땅거리는,0.0110639513974344
747,찝찝하다,0.0110639513974344
748,찍히다,0.0110639513974344
749,찍다파일,0.0110639513974344
750,찍다유선,0.0110639513974344
751,사용알리,0.0110639513974344
752,연비나다,0.0110639513974344
753,쪽지,0.0110639513974344
754,뜨다주식,0.0110639513974344
755,라든지,0.0110639513974344
756,쓰이다주거,0.0110639513974344
757,차례,0.0110639513974344
758,비밀번호,0.0110639513974344
759,차종,0.0110639513974344
760,엑셀,0.0110639513974344
761,엔비,0.0110639513974344
762,드리다중앙,0.0110639513974344
763,비도,0.0110639513974344
764,창원,0.0110639513974344
765,엔비디아,0.0110639513974344
766,참고욕실,0.0110639513974344
767,들다서다,0.0110639513974344
768,아무,0.0110639513974344
769,참고사용,0.0110639513974344
770,아두,0.0110639513974344
771,아니다확인,0.0110639513974344
772,아니다임대,0.0110639513974344
773,들여다보다,0.0110639513974344
774,여지,0.0110639513974344
775,들이다회원,0.0110639513974344
776,비닐예산,0.0110639513974344
777,아내,0.0110639513974344
778,역설,0.0110639513974344
779,역전,0.0110639513974344
780,등록증,0.0110639513974344
781,시원하다,0.0110639513974344
782,자막,0.0110639513974344
783,오후,0.0110639513974344
784,본관,0.0110639513974344
785,세계,0.0110639513974344
786,작년골판지전사,0.0110639513974344
787,전자소송,0.0110639513974344
788,본문,0.0110639513974344
789,전자문서,0.0110639513974344
790,성실,0.0110639513974344
791,성별,0.0110639513974344
792,본도,0.0110639513974344
793,버리다대해,0.0110639513974344
794,전액,0.0110639513974344
795,전세계,0.0110639513974344
796,정서,0.0110639513974344
797,버카밴시버체인지,0.0110639513974344
798,상환확인,0.0110639513974344
799,위탁,0.0110639513974344
800,의욕,0.0110639513974344
801,번의,0.0110639513974344
802,번제,0.0110639513974344
803,전날출처,0.0110639513974344
804,번호월일,0.0110639513974344
805,번호참고,0.0110639513974344
806,벌브,0.0110639513974344
807,세균전자소송,0.0110639513974344
808,젊은이,0.0110639513974344
809,웹사이트,0.0110639513974344
810,본체제네시스,0.0110639513974344
811,원활하다,0.0110639513974344
812,받다인터폰,0.0110639513974344
813,정보공개,0.0110639513974344
814,세팅때,0.0110639513974344
815,세척,0.0110639513974344
816,정리제목,0.0110639513974344
817,의학,0.0110639513974344
818,세율,0.0110639513974344
819,세액,0.0110639513974344
820,발열,0.0110639513974344
821,발전소,0.0110639513974344
822,방배,0.0110639513974344
823,세로,0.0110639513974344
824,웬만하다,0.0110639513974344
825,방법매일,0.0110639513974344
826,점검오늘,0.0110639513974344
827,세대오늘,0.0110639513974344
828,방법주거,0.0110639513974344
829,젊음,0.0110639513974344
830,웬만하다확인,0.0110639513974344
831,방법초보,0.0110639513974344
832,작성년윌식,0.0110639513974344
833,적중이전,0.0110639513974344
834,법정,0.0110639513974344
835,서론,0.0110639513974344
836,서랍,0.0110639513974344
837,서다보관,0.0110639513974344
838,보내다맞다,0.0110639513974344
839,생물학,0.0110639513974344
840,보내다충분하다,0.0110639513974344
841,은근,0.0110639513974344
842,은색,0.0110639513974344
843,장터,0.0110639513974344
844,보다등록,0.0110639513974344
845,장수,0.0110639513974344
846,보다아이오,0.0110639513974344
847,장님기준서,0.0110639513974344
848,서나오피스텔,0.0110639513974344
849,생활확인,0.0110639513974344
850,보다코로나,0.0110639513974344
851,잠그다,0.0110639513974344
852,보리,0.0110639513974344
853,생활화,0.0110639513974344
854,잔액,0.0110639513974344
855,응용다운로드,0.0110639513974344
856,생윤,0.0110639513974344
857,보기처음,0.0110639513974344
858,서림,0.0110639513974344
859,보충,0.0110639513974344
860,의공학,0.0110639513974344
861,적립확인,0.0110639513974344
862,유광,0.0110639513974344
863,선호,0.0110639513974344
864,생각선생님,0.0110639513974344
865,유도,0.0110639513974344
866,보지,0.0110639513974344
867,베브,0.0110639513974344
868,유용하다,0.0110639513974344
869,벽면기존,0.0110639513974344
870,저작권,0.0110639513974344
871,유일하다,0.0110639513974344
872,생기다보통,0.0110639513974344
873,서통,0.0110639513974344
874,유저,0.0110639513974344
875,유책,0.0110639513974344
876,서울역,0.0110639513974344
877,보조금,0.0110639513974344
878,서비스서도,0.0110639513974344
879,서명남기다,0.0110639513974344
880,변호인,0.0110639513974344
881,유튭보,0.0110639513974344
882,셋팅,0.0110639513974344
883,정신,0.0110639513974344
884,산서,0.0110639513974344
885,주기,0.0110639513974344
886,모델담당자,0.0110639513974344
887,주석,0.0110639513974344
888,모드제목,0.0110639513974344
889,스며들다,0.0110639513974344
890,주사약,0.0110639513974344
891,모르거나요즘,0.0110639513974344
892,살리다바뀌다,0.0110639513974344
893,외주,0.0110639513974344
894,쉬다확인,0.0110639513974344
895,살아가다,0.0110639513974344
896,삼국,0.0110639513974344
897,정이,0.0110639513974344
898,모임,0.0110639513974344
899,주거제품,0.0110639513974344
900,자산스톱워치,0.0110639513974344
901,삼국지,0.0110639513974344
902,좋다우주,0.0110639513974344
903,몽땅,0.0110639513974344
904,좋다데칼,0.0110639513974344
905,무궁화,0.0110639513974344
906,수험생,0.0110639513974344
907,종종,0.0110639513974344
908,왕왕,0.0110639513974344
909,왕눈이,0.0110639513974344
910,스켄본,0.0110639513974344
911,모니터링,0.0110639513974344
912,입하,0.0110639513974344
913,맹글,0.0110639513974344
914,머릿속,0.0110639513974344
915,시비,0.0110639513974344
916,줄다중요하다,0.0110639513974344
917,온스,0.0110639513974344
918,준비서면,0.0110639513974344
919,죽다냉각수,0.0110639513974344
920,시계,0.0110639513974344
921,부탁세부,0.0110639513974344
922,승용,0.0110639513974344
923,자구,0.0110639513974344
924,메뉴얼현대,0.0110639513974344
925,옮기다,0.0110639513974344
926,멤버,0.0110639513974344
927,스토어,0.0110639513974344
928,주어,0.0110639513974344
929,주식방배,0.0110639513974344
930,이모,0.0110639513974344
931,작업중,0.0110639513974344
932,완료신축,0.0110639513974344
933,종이공인,0.0110639513974344
934,종마,0.0110639513974344
935,수행,0.0110639513974344
936,부분사실,0.0110639513974344
937,제픔,0.0110639513974344
938,상업,0.0110639513974344
939,속보,0.0110639513974344
940,부동산체인,0.0110639513974344
941,바디,0.0110639513974344
942,워드,0.0110639513974344
943,바라다거래,0.0110639513974344
944,소유자,0.0110639513974344
945,바라다수특,0.0110639513974344
946,제자리부스트,0.0110639513974344
947,원론,0.0110639513974344
948,바짝,0.0110639513974344
949,소속,0.0110639513974344
950,원룸경비,0.0110639513974344
951,제나,0.0110639513974344
952,원장,0.0110639513974344
953,반납,0.0110639513974344
954,반박,0.0110639513974344
955,원전,0.0110639513974344
956,소개모든,0.0110639513974344
957,상태서인,0.0110639513974344
958,손톱,0.0110639513974344
959,쇼핑,0.0110639513974344
960,종료,0.0110639513974344
961,미용,0.0110639513974344
962,묶다,0.0110639513974344
963,문구라서,0.0110639513974344
964,수학대지,0.0110639513974344
965,문의아파트,0.0110639513974344
966,용도구역,0.0110639513974344
967,조치,0.0110639513974344
968,상거래,0.0110639513974344
969,인그레이빙,0.0110639513974344
970,부여,0.0110639513974344
971,부스,0.0110639513974344
972,물탱크,0.0110639513974344
973,조자룡,0.0110639513974344
974,뭐라다,0.0110639513974344
975,미국,0.0110639513974344
976,수많다기분,0.0110639513974344
977,우량,0.0110639513974344
978,수량부동산,0.0110639513974344
979,미래상품,0.0110639513974344
980,이따,0.0110639513974344
981,부분초보,0.0110639513974344
982,조립재활용,0.0110639513974344
983,인공,0.0110639513974344
984,줏어,0.0110639513974344
985,그냥확인,0.0110639513974344
986,더블,0.0110639513974344
987,권유,0.0110639513974344
988,권고,0.0110639513974344
989,풍물,0.0110639513974344
990,궁금하다안녕하다,0.0110639513974344
991,프로젝트,0.0110639513974344
992,프로토콜,0.0110639513974344
993,프리미어,0.0110639513974344
994,구현,0.0110639513974344
995,구해오늘,0.0110639513974344
996,구종,0.0110639513974344
997,구입운행,0.0110639513974344
998,다운로드카페,0.0110639513974344
999,구역세부,0.0110639513974344
1000,다운로드하라,0.0110639513974344
1001,구미,0.0110639513974344
1002,귀찮다가장,0.0110639513974344
1003,그렇다유니콘,0.0110639513974344
1004,달라지다,0.0110639513974344
1005,그려지다,0.0110639513974344
1006,금지,0.0110639513974344
1007,금정동,0.0110639513974344
1008,금정구안녕하다,0.0110639513974344
1009,금전,0.0110639513974344
1010,금은,0.0110639513974344
1011,포기,0.0110639513974344
1012,금액근저당,0.0110639513974344
1013,금리문학,0.0110639513974344
1014,포장시동,0.0110639513974344
1015,근해,0.0110639513974344
1016,다운로드맞다,0.0110639513974344
1017,컨설팅첨부파일,0.0110639513974344
1018,근무,0.0110639513974344
1019,포함확인,0.0110639513974344
1020,그룹,0.0110639513974344
1021,다운부속품,0.0110639513974344
1022,키드,0.0110639513974344
1023,카바,0.0110639513974344
1024,카메라아주,0.0110639513974344
1025,하이브리드로,0.0110639513974344
1026,학년,0.0110639513974344
1027,학부모,0.0110639513974344
1028,골판지전사,0.0110639513974344
1029,고정,0.0110639513974344
1030,한글그랜저,0.0110639513974344
1031,한눈,0.0110639513974344
1032,고민다운로드,0.0110639513974344
1033,달넷,0.0110639513974344
1034,고민계약,0.0110639513974344
1035,한밤그냥,0.0110639513974344
1036,고맙다모델,0.0110639513974344
1037,고르곤,0.0110639513974344
1038,달다정독,0.0110639513974344
1039,고등학생본체,0.0110639513974344
1040,하이브,0.0110639513974344
1041,하야부사,0.0110639513974344
1042,공시가격,0.0110639513974344
1043,교통,0.0110639513974344
1044,구로,0.0110639513974344
1045,구등,0.0110639513974344
1046,구기다,0.0110639513974344
1047,필요없다버리다,0.0110639513974344
1048,필요증서,0.0110639513974344
1049,구글,0.0110639513974344
1050,필자,0.0110639513974344
1051,공연,0.0110639513974344
1052,광주,0.0110639513974344
1053,관광지,0.0110639513974344
1054,공학,0.0110639513974344
1055,공통,0.0110639513974344
1056,하루안녕하다,0.0110639513974344
1057,하비다,0.0110639513974344
1058,금지지금,0.0110639513974344
1059,급수,0.0110639513974344
1060,기구,0.0110639513974344
1061,난이도아파트,0.0110639513974344
1062,크다오늘,0.0110639513974344
1063,내면,0.0110639513974344
1064,토요일,0.0110639513974344
1065,토지대장,0.0110639513974344
1066,남자에게,0.0110639513974344
1067,남자게시판,0.0110639513974344
1068,통보,0.0110639513974344
1069,남아,0.0110639513974344
1070,남다타로카드,0.0110639513974344
1071,눈팅,0.0110639513974344
1072,통째,0.0110639513974344
1073,날자,0.0110639513974344
1074,느낌며칠,0.0110639513974344
1075,날인안녕하다,0.0110639513974344
1076,통해현대,0.0110639513974344
1077,크랙,0.0110639513974344
1078,내미다,0.0110639513974344
1079,테이블,0.0110639513974344
1080,타일,0.0110639513974344
1081,노후,0.0110639513974344
1082,노안안녕하다,0.0110639513974344
1083,노드,0.0110639513974344
1084,놋북켜,0.0110639513974344
1085,농사년도,0.0110639513974344
1086,년월확인,0.0110639513974344
1087,높이,0.0110639513974344
1088,내외,0.0110639513974344
1089,태양광,0.0110639513974344
1090,너무하다,0.0110639513974344
1091,놓다게임,0.0110639513974344
1092,놓아두다경기도,0.0110639513974344
1093,내용출처,0.0110639513974344
1094,크롤,0.0110639513974344
1095,퇴직,0.0110639513974344
1096,투기,0.0110639513974344
1097,기기디스커버리,0.0110639513974344
1098,투자가,0.0110639513974344
1099,파이프,0.0110639513974344
1100,꼭꼭,0.0110639513974344
1101,파크책자,0.0110639513974344
1102,다르다없다,0.0110639513974344
1103,코멘트,0.0110639513974344
1104,다반,0.0110639513974344
1105,코로나,0.0110639513974344
1106,패닉,0.0110639513974344
1107,패밀리,0.0110639513974344
1108,패스저장,0.0110639513974344
1109,기전,0.0110639513974344
1110,기재사업,0.0110639513974344
1111,다운로드가끔,0.0110639513974344
1112,퍼펙티,0.0110639513974344
1113,기다르노,0.0110639513974344
1114,꼽히다,0.0110639513974344
1115,파이,0.0110639513974344
1116,파기,0.0110639513974344
1117,나오다대다,0.0110639513974344
1118,투자자,0.0110639513974344
1119,나타나다레이,0.0110639513974344
1120,나왓는데,0.0110639513974344
1121,나오다카페,0.0110639513974344
1122,나오다서도,0.0110639513974344
1123,님들중,0.0110639513974344
1124,나루,0.0110639513974344
1125,끝나다,0.0110639513974344
1126,나다전입,0.0110639513974344
1127,다나,0.0110639513974344
1128,나다여자,0.0110639513974344
1129,끼우다금전,0.0110639513974344
1130,코인,0.0110639513974344
1131,티비,0.0110639513974344
1132,고등학생,0.0110639513974344
1133,필드,0.0110639513974344
1134,가슴,0.0110639513974344
1135,강추파이프,0.0110639513974344
1136,취급첨부파일,0.0110639513974344
1137,간단하다본문,0.0110639513974344
1138,가면게임,0.0110639513974344
1139,대량,0.0110639513974344
1140,훌쩍,0.0110639513974344
1141,간략하다,0.0110639513974344
1142,거지,0.0110639513974344
1143,거치,0.0110639513974344
1144,대로기아,0.0110639513974344
1145,가필,0.0110639513974344
1146,간시,0.0110639513974344
1147,건물오늘,0.0110639513974344
1148,강원도,0.0110639513974344
1149,건조기,0.0110639513974344
1150,가려지다,0.0110639513974344
1151,강민철,0.0110639513974344
1152,건지다잇다,0.0110639513974344
1153,가득패키지,0.0110639513974344
1154,가면대출,0.0110639513974344
1155,갖다제목,0.0110639513974344
1156,대한민국,0.0110639513974344
1157,취급계약서,0.0110639513974344
1158,가전,0.0110639513974344
1159,가장,0.0110639513974344
1160,현상,0.0110639513974344
1161,회차,0.0110639513974344
1162,활성화,0.0110639513974344
1163,개정임시,0.0110639513974344
1164,가요반다이,0.0110639513974344
1165,갯수,0.0110639513974344
1166,대구,0.0110639513974344
1167,가보다돼다,0.0110639513974344
1168,개월차,0.0110639513974344
1169,효율,0.0110639513974344
1170,대출대만,0.0110639513974344
1171,개월수,0.0110639513974344
1172,현관,0.0110639513974344
1173,거래소,0.0110639513974344
1174,거래처,0.0110639513974344
1175,후방,0.0110639513974344
1176,건평,0.0110639513974344
1177,허수아비,0.0110639513974344
1178,가능하다읽다,0.0110639513974344
1179,항목싼타페,0.0110639513974344
1180,가끔대처,0.0110639513974344
1181,호코,0.0110639513974344
1182,경정,0.0110639513974344
1183,감독,0.0110639513974344
1184,대면,0.0110639513974344
1185,해보다매매,0.0110639513974344
1186,행성,0.0110639513974344
1187,가능하다카니발,0.0110639513974344
1188,감사하다부가가치세,0.0110639513974344
1189,취득세,0.0110639513974344
1190,가구,0.0110639513974344
1191,취득,0.0110639513974344
1192,합본,0.0110639513974344
1193,화일클래스,0.0110639513974344
1194,걸리다,0.0110639513974344
1195,검증종류,0.0110639513974344
1196,가다예전,0.0110639513974344
1197,달리다본인,0.0110639513974344
1198,달리,0.0110639513974344
1199,홈택스조립,0.0110639513974344
1200,행복,0.0110639513974344
1201,감사하다확인,0.0110639513974344
1202,걸리다더뉴,0.0110639513974344
1203,혜택,0.0110639513974344
1204,추가충전기,0.0110639513974344
1205,달래다,0.0110639513974344
1206,연도,0.008414420216110503
1207,정품,0.008414420216110503
1208,나름,0.008414420216110503
1209,번역본,0.008414420216110503
1210,길다,0.008414420216110503
1211,싫다,0.008414420216110503
1212,예민하다,0.008414420216110503
1213,꼼꼼하다,0.008414420216110503
1214,연락,0.008414420216110503
1215,전자기기,0.008414420216110503
1216,제거,0.008414420216110503
1217,화장실,0.008414420216110503
1218,화일,0.008414420216110503
1219,발췌,0.008414420216110503
1220,배부,0.008414420216110503
1221,깨끗하다,0.008414420216110503
1222,전입,0.008414420216110503
1223,가치,0.008414420216110503
1224,밴시,0.008414420216110503
1225,싶다오늘,0.008414420216110503
1226,연식,0.008414420216110503
1227,쏘나타,0.008414420216110503
1228,전면,0.008414420216110503
1229,틀리다,0.008414420216110503
1230,반대,0.008414420216110503
1231,한지,0.008414420216110503
1232,반다이,0.008414420216110503
1233,가득하다,0.008414420216110503
1234,테이,0.008414420216110503
1235,좀처럼,0.008414420216110503
1236,업데이트,0.008414420216110503
1237,엄격하다,0.008414420216110503
1238,압박,0.008414420216110503
1239,앞뒤,0.008414420216110503
1240,내일,0.008414420216110503
1241,내지,0.008414420216110503
1242,목록,0.008414420216110503
1243,애매하다,0.008414420216110503
1244,모자라다,0.008414420216110503
1245,약시,0.008414420216110503
1246,넘치다,0.008414420216110503
1247,네이버,0.008414420216110503
1248,어시스트,0.008414420216110503
1249,타이어,0.008414420216110503
1250,어보,0.008414420216110503
1251,가깝다,0.008414420216110503
1252,주제,0.008414420216110503
1253,타로카드,0.008414420216110503
1254,어리다,0.008414420216110503
1255,흐름,0.008414420216110503
1256,토이,0.008414420216110503
1257,회계,0.008414420216110503
1258,안보,0.008414420216110503
1259,아라크네,0.008414420216110503
1260,제외,0.008414420216110503
1261,아보,0.008414420216110503
1262,아쉽다,0.008414420216110503
1263,가야,0.008414420216110503
1264,아예,0.008414420216110503
1265,날씨,0.008414420216110503
1266,조기,0.008414420216110503
1267,조리,0.008414420216110503
1268,패드,0.008414420216110503
1269,미안하다,0.008414420216110503
1270,미생물,0.008414420216110503
1271,아카데미,0.008414420216110503
1272,미련,0.008414420216110503
1273,남다,0.008414420216110503
1274,뭔가,0.008414420216110503
1275,안경,0.008414420216110503
1276,없어지다,0.008414420216110503
1277,없다확인,0.008414420216110503
1278,물이,0.008414420216110503
1279,물다,0.008414420216110503
1280,홈피,0.008414420216110503
1281,장치,0.008414420216110503
1282,전기차,0.008414420216110503
1283,인포,0.008414420216110503
1284,사법,0.008414420216110503
1285,필요없다,0.008414420216110503
1286,수수료,0.008414420216110503
1287,익히다,0.008414420216110503
1288,인강,0.008414420216110503
1289,인사,0.008414420216110503
1290,건전지,0.008414420216110503
1291,빌트,0.008414420216110503
1292,요한,0.008414420216110503
1293,순서대로,0.008414420216110503
1294,비우다,0.008414420216110503
1295,교육,0.008414420216110503
1296,비싸다,0.008414420216110503
1297,비번,0.008414420216110503
1298,스럽다,0.008414420216110503
1299,비밀,0.008414420216110503
1300,구조,0.008414420216110503
1301,일부,0.008414420216110503
1302,비닐,0.008414420216110503
1303,블로그,0.008414420216110503
1304,브레이크,0.008414420216110503
1305,붙이,0.008414420216110503
1306,우주,0.008414420216110503
1307,수납,0.008414420216110503
1308,왕초,0.008414420216110503
1309,공략,0.008414420216110503
1310,선생님,0.008414420216110503
1311,유럽,0.008414420216110503
1312,해드리다,0.008414420216110503
1313,세관,0.008414420216110503
1314,은행,0.008414420216110503
1315,경차,0.008414420216110503
1316,경력,0.008414420216110503
1317,센치,0.008414420216110503
1318,해제,0.008414420216110503
1319,공급,0.008414420216110503
1320,소모품,0.008414420216110503
1321,운용,0.008414420216110503
1322,상의,0.008414420216110503
1323,해주시,0.008414420216110503
1324,이러하다,0.008414420216110503
1325,상사,0.008414420216110503
1326,소액,0.008414420216110503
1327,핸드폰,0.008414420216110503
1328,공이,0.008414420216110503
1329,이면,0.008414420216110503
1330,워낙,0.008414420216110503
1331,하니,0.008414420216110503
1332,외국인,0.008414420216110503
1333,국산,0.008414420216110503
1334,범위,0.008414420216110503
1335,펴다,0.008414420216110503
1336,보이지,0.008414420216110503
1337,형기,0.008414420216110503
1338,강퇴,0.008414420216110503
1339,잔금,0.008414420216110503
1340,금융,0.008414420216110503
1341,강의,0.008414420216110503
1342,오지,0.008414420216110503
1343,갑자기,0.008414420216110503
1344,오래되다,0.008414420216110503
1345,별로,0.008414420216110503
1346,저렴하다,0.008414420216110503
1347,개봉,0.008414420216110503
1348,저번,0.008414420216110503
1349,펌프,0.008414420216110503
1350,기술,0.008414420216110503
1351,호실,0.008414420216110503
1352,베이스,0.008414420216110503
1353,적도,0.008414420216110503
1354,신형,0.008414420216110503
1355,호흡,0.008414420216110503
1356,적합하다,0.008414420216110503
1357,패스,0.008414420216110503
1358,글로브,0.008414420216110503
1359,시방,0.008414420216110503
1360,불다,0.008414420216110503
1361,규칙,0.008414420216110503
1362,분명,0.008414420216110503
1363,입문,0.008414420216110503
1364,입자,0.008414420216110503
1365,스타일,0.008414420216110503
1366,거기,0.008414420216110503
1367,부탁드리다공구,0.008414420216110503
1368,풀다,0.008414420216110503
1369,자세,0.008414420216110503
1370,규정,0.008414420216110503
1371,표현,0.008414420216110503
1372,그것,0.008414420216110503
1373,포커스,0.008414420216110503
1374,자율,0.008414420216110503
1375,부리다,0.008414420216110503
1376,부로,0.008414420216110503
1377,와중,0.008414420216110503
1378,부가가치세,0.008414420216110503
1379,스프링,0.008414420216110503
1380,본체,0.008414420216110503
1381,작년,0.008414420216110503
1382,본인,0.008414420216110503
1383,올려주다,0.008414420216110503
1384,먼트,0.008414420216110503
1385,더욱,0.008414420216110503
1386,두기,0.008414420216110503
1387,다루다,0.008414420216110503
1388,지방세,0.008414420216110503
1389,늘어나다,0.008414420216110503
1390,동호회,0.008414420216110503
1391,척추,0.008414420216110503
1392,런가,0.008414420216110503
1393,커서,0.008414420216110503
1394,짧다,0.008414420216110503
1395,동의,0.008414420216110503
1396,만기,0.008414420216110503
1397,짜다,0.008414420216110503
1398,추억,0.008414420216110503
1399,출판사,0.008414420216110503
1400,지르다,0.008414420216110503
1401,리스트,0.008414420216110503
1402,집행,0.008414420216110503
1403,대비,0.008414420216110503
1404,캡쳐,0.008414420216110503
1405,매입,0.008414420216110503
1406,취사,0.008414420216110503
1407,단위,0.008414420216110503
1408,코팅,0.008414420216110503
1409,카메라,0.008414420216110503
1410,돌리다,0.008414420216110503
1411,집다,0.008414420216110503
1412,다인,0.008414420216110503
1413,도포,0.008414420216110503
1414,레드,0.008414420216110503
1415,맥포머스,0.008414420216110503
1416,느낌,0.008414420216110503
1417,르노,0.008414420216110503
1418,도색,0.008414420216110503
1419,책상,0.008414420216110503
1420,책임,0.008414420216110503
1421,지인,0.008414420216110503
1422,망둥이,0.008414420216110503
1423,로만,0.008414420216110503
1424,도시가스,0.008414420216110503
1425,말씀,0.008414420216110503
1426,차갑다,0.008414420216110503
1427,지출,0.008414420216110503
1428,지우다,0.008414420216110503
1429,데모,0.008414420216110503
1430,매수,0.008414420216110503
1431,충분하다,0.008414420216110503
1432,대지,0.008414420216110503
1433,된거,0.008414420216110503
1434,충전,0.008414420216110503
1435,뜯다,0.008414420216110503
1436,중간,0.008414420216110503
1437,달다,0.006534547926173441
1438,제네시스,0.006534547926173441
1439,민간,0.006534547926173441
1440,분석,0.006534547926173441
1441,아버지,0.006534547926173441
1442,분실,0.006534547926173441
1443,다가,0.006534547926173441
1444,크다,0.006534547926173441
1445,통합,0.006534547926173441
1446,여행,0.006534547926173441
1447,라벨,0.006534547926173441
1448,여쭈다,0.006534547926173441
1449,안나,0.006534547926173441
1450,트렁크,0.006534547926173441
1451,가이드,0.006534547926173441
1452,바람,0.006534547926173441
1453,일일,0.006534547926173441
1454,도어,0.006534547926173441
1455,구해,0.006534547926173441
1456,미니,0.006534547926173441
1457,한번,0.006534547926173441
1458,말다,0.006534547926173441
1459,세트,0.006534547926173441
1460,항상,0.006534547926173441
1461,청소,0.006534547926173441
1462,현황,0.006534547926173441
1463,수능특강,0.006534547926173441
1464,케이스,0.006534547926173441
1465,시기,0.006534547926173441
1466,보증,0.006534547926173441
1467,작성중,0.006534547926173441
1468,두껍다,0.006534547926173441
1469,기록,0.006534547926173441
1470,보수,0.006534547926173441
1471,로봇,0.006534547926173441
1472,완성,0.006534547926173441
1473,잘못,0.006534547926173441
1474,렌트,0.006534547926173441
1475,재미,0.006534547926173441
1476,헷갈리다,0.006534547926173441
1477,스마트,0.006534547926173441
1478,건가,0.006534547926173441
1479,수가,0.006534547926173441
1480,검사,0.006534547926173441
1481,팔다,0.006534547926173441
1482,인하다,0.006534547926173441
1483,라이,0.006534547926173441
1484,다니다,0.006534547926173441
1485,영상,0.006534547926173441
1486,품목,0.006534547926173441
1487,심심하다,0.006534547926173441
1488,감사하다,0.006534547926173441
1489,접속,0.006534547926173441
1490,부탁,0.006534547926173441
1491,형식,0.006534547926173441
1492,진행,0.006534547926173441
1493,꽉차다,0.006534547926173441
1494,진짜,0.006534547926173441
1495,소개,0.006534547926173441
1496,동시,0.006534547926173441
1497,동영상,0.006534547926173441
1498,동일하다,0.006534547926173441
1499,안녕하다,0.006534547926173441
1500,분양,0.006534547926173441
1501,생기다,0.006534547926173441
1502,모드,0.006534547926173441
1503,모바일,0.006534547926173441
1504,중고나라,0.006534547926173441
1505,힘들다,0.006534547926173441
1506,중국어,0.006534547926173441
1507,관절,0.006534547926173441
1508,딜러,0.006534547926173441
1509,사실,0.006534547926173441
1510,사례,0.006534547926173441
1511,업다,0.006534547926173441
1512,공식,0.006534547926173441
1513,최신,0.006534547926173441
1514,주차,0.006534547926173441
1515,모양,0.006534547926173441
1516,하브,0.006534547926173441
1517,사랑,0.006534547926173441
1518,고지,0.006534547926173441
1519,사이즈,0.006534547926173441
1520,주민등록,0.006534547926173441
1521,찢어지다,0.006534547926173441
1522,중고,0.006534547926173441
1523,한국어,0.006534547926173441
1524,희망,0.006534547926173441
1525,탱크,0.006534547926173441
1526,줄다,0.006534547926173441
1527,년월,0.006534547926173441
1528,찾다댓글,0.0
1529,차이다,0.0
1530,워드최근,0.0
1531,워치트랙스,0.0
1532,핸폰,0.0
1533,핸펀,0.0
1534,하소연,0.0
1535,찾다선배,0.0
1536,한글화,0.0
1537,움직이다,0.0
1538,움직,0.0
1539,햇반,0.0
1540,원단,0.0
1541,차이,0.0
1542,차원,0.0
1543,행동,0.0
1544,이력,0.0
1545,찾다없다,0.0
1546,차오면,0.0
1547,행동강령,0.0
1548,운정,0.0
1549,운전택배,0.0
1550,운전레고,0.0
1551,찾다첨부파일,0.0
1552,햇빛,0.0
1553,해지,0.0
1554,핵심,0.0
1555,찾다간만,0.0
1556,해오다서다,0.0
1557,이나,0.0
1558,원형당근,0.0
1559,차이다레고,0.0
1560,원하다정말,0.0
1561,창의,0.0
1562,이내,0.0
1563,해외,0.0
1564,창의력,0.0
1565,해주다고글,0.0
1566,이닝,0.0
1567,해주다노텔,0.0
1568,원피스,0.0
1569,해주다상품,0.0
1570,원주가끔,0.0
1571,해주다안녕하다,0.0
1572,해주다이제,0.0
1573,원서,0.0
1574,해주다확인,0.0
1575,창작,0.0
1576,취미,0.0
1577,이도,0.0
1578,이동,0.0
1579,원룸,0.0
1580,하셧으,0.0
1581,원료,0.0
1582,해킹,0.0
1583,이루어지다,0.0
1584,이르다,0.0
1585,찾다한글,0.0
1586,차로,0.0
1587,채팅순간,0.0
1588,용다,0.0
1589,채팅,0.0
1590,채우다,0.0
1591,채소,0.0
1592,채다,0.0
1593,찿을수다르다,0.0
1594,차변,0.0
1595,취급프리미엄,0.0
1596,하드락,0.0
1597,하란,0.0
1598,허브,0.0
1599,용도시마노,0.0
1600,이명,0.0
1601,이민우,0.0
1602,헐다,0.0
1603,요하,0.0
1604,책받침,0.0
1605,헤드,0.0
1606,이벤트,0.0
1607,헤드폰,0.0
1608,하나요차량,0.0
1609,하나요제목,0.0
1610,이비,0.0
1611,요원,0.0
1612,하나요전세,0.0
1613,요약,0.0
1614,요소,0.0
1615,요새,0.0
1616,요부,0.0
1617,요리,0.0
1618,허다,0.0
1619,용도지역떨어지다,0.0
1620,우편,0.0
1621,우연찮,0.0
1622,이메일,0.0
1623,찾아보다근무,0.0
1624,우리말,0.0
1625,하루쉬다,0.0
1626,차사,0.0
1627,차살때,0.0
1628,우일,0.0
1629,용도처분,0.0
1630,찾아보다고정,0.0
1631,취급확인,0.0
1632,우체국,0.0
1633,찾아가다,0.0
1634,우측,0.0
1635,차선,0.0
1636,친해지다,0.0
1637,취급학원,0.0
1638,용치,0.0
1639,용지,0.0
1640,이면모하비,0.0
1641,차비,0.0
1642,행정,0.0
1643,용적률,0.0
1644,용적,0.0
1645,찾아보다위버,0.0
1646,용어,0.0
1647,용신,0.0
1648,용비,0.0
1649,행크,0.0
1650,용량제네시스,0.0
1651,행해,0.0
1652,허가,0.0
1653,하얗다,0.0
1654,해봤다상품,0.0
1655,월급,0.0
1656,유투브,0.0
1657,한쪽,0.0
1658,참고공홈,0.0
1659,유지,0.0
1660,한정판,0.0
1661,유쾌하다,0.0
1662,한장,0.0
1663,찰떡,0.0
1664,한국사,0.0
1665,유튜버님,0.0
1666,의견이후,0.0
1667,찬찬하다,0.0
1668,치수,0.0
1669,한의원많다,0.0
1670,유튭,0.0
1671,한참,0.0
1672,유익하다,0.0
1673,유머,0.0
1674,의문,0.0
1675,유명하다,0.0
1676,할인,0.0
1677,의미,0.0
1678,유발,0.0
1679,유부,0.0
1680,유상증자,0.0
1681,할아버지,0.0
1682,유의상품,0.0
1683,할머니,0.0
1684,한가하다,0.0
1685,의료기기,0.0
1686,유의,0.0
1687,의대다반,0.0
1688,한국,0.0
1689,의견,0.0
1690,한글간단하다,0.0
1691,찬물,0.0
1692,한글블리자드,0.0
1693,윤사,0.0
1694,율도,0.0
1695,응급실,0.0
1696,치다회원,0.0
1697,융화최근,0.0
1698,치료,0.0
1699,음감,0.0
1700,한약,0.0
1701,한기,0.0
1702,은인,0.0
1703,은줄,0.0
1704,착불,0.0
1705,은지,0.0
1706,은퇴,0.0
1707,한글보이다,0.0
1708,육칠오육처음,0.0
1709,육사구,0.0
1710,육박,0.0
1711,유형,0.0
1712,한글모텔,0.0
1713,유행,0.0
1714,한글다르다,0.0
1715,착오,0.0
1716,유트브,0.0
1717,치르다,0.0
1718,한미안녕하다,0.0
1719,응원,0.0
1720,한번아에님앝,0.0
1721,착하다,0.0
1722,유튭영상,0.0
1723,한수,0.0
1724,치다,0.0
1725,유로,0.0
1726,해오다,0.0
1727,위반,0.0
1728,창문,0.0
1729,층층,0.0
1730,해보다노후,0.0
1731,참여,0.0
1732,해보다년월,0.0
1733,해보다관공서,0.0
1734,해머,0.0
1735,웨이,0.0
1736,참석,0.0
1737,참고확인,0.0
1738,위버,0.0
1739,해도일본,0.0
1740,해도분양,0.0
1741,위법,0.0
1742,웨폰,0.0
1743,해보다반다이,0.0
1744,참고적다,0.0
1745,하이랜드,0.0
1746,해상,0.0
1747,이기다확인,0.0
1748,차이수특,0.0
1749,이기다,0.0
1750,한글첨부파일,0.0
1751,월세,0.0
1752,월세전체,0.0
1753,해보다부동산,0.0
1754,월일,0.0
1755,해보다히어로즈,0.0
1756,이기,0.0
1757,해보다페이스,0.0
1758,친하다,0.0
1759,웨어,0.0
1760,위아래,0.0
1761,차주,0.0
1762,해달라다,0.0
1763,착각,0.0
1764,하자,0.0
1765,합체,0.0
1766,헤매다,0.0
1767,유나,0.0
1768,친구,0.0
1769,치기,0.0
1770,합병증홈페이지,0.0
1771,위원회,0.0
1772,합리,0.0
1773,함량,0.0
1774,의약품,0.0
1775,학습,0.0
1776,한가지,0.0
1777,의심,0.0
1778,하이패스,0.0
1779,이겠다,0.0
1780,유가분실,0.0
1781,윈퀵,0.0
1782,이구,0.0
1783,합치기,0.0
1784,위험,0.0
1785,위해모닝,0.0
1786,항공,0.0
1787,항공사,0.0
1788,참고전기,0.0
1789,항별,0.0
1790,친절하다,0.0
1791,차지,0.0
1792,항상언박싱,0.0
1793,해결확인,0.0
1794,위장,0.0
1795,요로,0.0
1796,줄줄,0.0
1797,요령,0.0
1798,요런,0.0
1799,에고,0.0
1800,후회,0.0
1801,초대,0.0
1802,초년,0.0
1803,후지필름,0.0
1804,에보니,0.0
1805,에스,0.0
1806,후유증,0.0
1807,에스프레소,0.0
1808,초기,0.0
1809,후보,0.0
1810,초과,0.0
1811,에어콘,0.0
1812,후륜,0.0
1813,에칭,0.0
1814,에코,0.0
1815,후기,0.0
1816,엉망,0.0
1817,초밥,0.0
1818,휴가,0.0
1819,없다취급,0.0
1820,없다지바,0.0
1821,없다직업,0.0
1822,휴대폰번호,0.0
1823,없다질문,0.0
1824,추후,0.0
1825,휴대폰다운,0.0
1826,없다찾다,0.0
1827,없다캐스퍼,0.0
1828,축구,0.0
1829,없다타이,0.0
1830,없다파일,0.0
1831,없다페리,0.0
1832,휴대폰,0.0
1833,없다헬로,0.0
1834,없다후쿠오카,0.0
1835,없애다,0.0
1836,체크플라잉,0.0
1837,출근,0.0
1838,체인지,0.0
1839,여성,0.0
1840,여러가지,0.0
1841,회전,0.0
1842,여럭곳늘웃자님,0.0
1843,여름,0.0
1844,회생제동,0.0
1845,여분,0.0
1846,여서,0.0
1847,여야생기다,0.0
1848,체득,0.0
1849,여유,0.0
1850,여의도,0.0
1851,체결,0.0
1852,여지편하다,0.0
1853,활용취급,0.0
1854,체감,0.0
1855,여캐,0.0
1856,여러,0.0
1857,여기저기,0.0
1858,엑스,0.0
1859,출사,0.0
1860,효문동,0.0
1861,효능,0.0
1862,엔진,0.0
1863,엔진중개,0.0
1864,출력레고,0.0
1865,출력임시,0.0
1866,엘란트라,0.0
1867,엘레,0.0
1868,체로키,0.0
1869,효과,0.0
1870,엘베,0.0
1871,횐님,0.0
1872,엠마제품,0.0
1873,엣지,0.0
1874,여기다,0.0
1875,회칙,0.0
1876,없다중고,0.0
1877,없다중개,0.0
1878,없다잘못,0.0
1879,언급,0.0
1880,어쩐지,0.0
1881,힐티,0.0
1882,어차피,0.0
1883,어탐기,0.0
1884,추다,0.0
1885,히터,0.0
1886,억만원,0.0
1887,언니네,0.0
1888,어쩌다가,0.0
1889,언리쉬드,0.0
1890,언어,0.0
1891,총알,0.0
1892,얹다,0.0
1893,얻다,0.0
1894,얼굴,0.0
1895,얼다간단하다,0.0
1896,힘내다,0.0
1897,어지간하다,0.0
1898,추다캐스퍼,0.0
1899,최상,0.0
1900,어떠하다,0.0
1901,어려움,0.0
1902,힘들다카카오,0.0
1903,어렵다월급,0.0
1904,어르다,0.0
1905,추가특별,0.0
1906,어반,0.0
1907,최대한,0.0
1908,어제,0.0
1909,최대,0.0
1910,어색하다,0.0
1911,어서,0.0
1912,어우,0.0
1913,추계,0.0
1914,어유,0.0
1915,최고,0.0
1916,얼룩,0.0
1917,얼추,0.0
1918,휴식,0.0
1919,없다생기다,0.0
1920,없다구매생기다,0.0
1921,없다기아,0.0
1922,없다레오,0.0
1923,없다말씀,0.0
1924,없다몬데오,0.0
1925,없다미녀와야수,0.0
1926,없다복각,0.0
1927,추천계기,0.0
1928,추세,0.0
1929,흐르다,0.0
1930,없다아버지,0.0
1931,없다안녕하다,0.0
1932,없다알다,0.0
1933,없다이렇다,0.0
1934,초보안녕하다,0.0
1935,없다이사,0.0
1936,없다검색,0.0
1937,업체고모,0.0
1938,얼터,0.0
1939,초판,0.0
1940,초후,0.0
1941,얼티밋스턴트,0.0
1942,희로애락,0.0
1943,초회판,0.0
1944,엄마,0.0
1945,엄청나다,0.0
1946,흥국생명안녕하다,0.0
1947,업로드,0.0
1948,업체,0.0
1949,흡수,0.0
1950,흘러내리다귀엽다,0.0
1951,흔적,0.0
1952,초심자,0.0
1953,흑백,0.0
1954,흑발,0.0
1955,흐릿해,0.0
1956,청해,0.0
1957,역시,0.0
1958,청원,0.0
1959,올라가다,0.0
1960,처방,0.0
1961,옥스포드,0.0
1962,혈증,0.0
1963,충돌,0.0
1964,온도,0.0
1965,온라인,0.0
1966,현지,0.0
1967,현주소,0.0
1968,처분,0.0
1969,처럼확인,0.0
1970,올라오다호가,0.0
1971,올려주다올인원,0.0
1972,올려주다입시,0.0
1973,현실,0.0
1974,올리다오늘,0.0
1975,올린다,0.0
1976,옥스,0.0
1977,오해,0.0
1978,올해,0.0
1979,천사,0.0
1980,천사분,0.0
1981,오인,0.0
1982,출혈,0.0
1983,오잉,0.0
1984,형상,0.0
1985,형사,0.0
1986,오전,0.0
1987,오타,0.0
1988,협의,0.0
1989,오토,0.0
1990,천만원,0.0
1991,충격,0.0
1992,오픈,0.0
1993,충고,0.0
1994,협작해,0.0
1995,오피스텔초보,0.0
1996,올림푸스,0.0
1997,챔버,0.0
1998,형태,0.0
1999,외관,0.0
2000,왓습니,0.0
2001,취급새롭다,0.0
2002,혁신,0.0
2003,취급없다,0.0
2004,책자삼성,0.0
2005,책자미니멀리즘,0.0
2006,왜못,0.0
2007,외국,0.0
2008,취급들어오다,0.0
2009,책자가다,0.0
2010,외눈,0.0
2011,헬로,0.0
2012,책방,0.0
2013,왼쪽,0.0
2014,헥사곤,0.0
2015,요기,0.0
2016,완젼,0.0
2017,완제,0.0
2018,옵션,0.0
2019,책자안녕하다,0.0
2020,책자알다안녕하다,0.0
2021,와이드,0.0
2022,와이파이,0.0
2023,현대차,0.0
2024,와이퍼,0.0
2025,와이프,0.0
2026,이쁘다기능,0.0
2027,완강,0.0
2028,완전,0.0
2029,완납,0.0
2030,현금영수증상품,0.0
2031,완독,0.0
2032,현금영수증,0.0
2033,현금,0.0
2034,완벽,0.0
2035,완벽하다,0.0
2036,오승환,0.0
2037,혜비,0.0
2038,연결,0.0
2039,열람,0.0
2040,청구권,0.0
2041,청구,0.0
2042,연장,0.0
2043,첨부파일책자,0.0
2044,첨부파일딸리다,0.0
2045,화질,0.0
2046,화제,0.0
2047,첨부파일구매,0.0
2048,연비,0.0
2049,첨부파일계약,0.0
2050,염두,0.0
2051,염려,0.0
2052,출시,0.0
2053,화이트,0.0
2054,화요일,0.0
2055,화소,0.0
2056,확대,0.0
2057,청소기,0.0
2058,영상통화,0.0
2059,연고,0.0
2060,연결펀딩,0.0
2061,활동,0.0
2062,연결하다,0.0
2063,환불,0.0
2064,환기,0.0
2065,환급,0.0
2066,확통,0.0
2067,연관,0.0
2068,출산,0.0
2069,확장,0.0
2070,확인해외,0.0
2071,확인차량,0.0
2072,연동,0.0
2073,청약,0.0
2074,확인신분,0.0
2075,확인수능특강,0.0
2076,화물차,0.0
2077,화면,0.0
2078,오산,0.0
2079,오다시아,0.0
2080,호퍼,0.0
2081,천이구,0.0
2082,호옥시,0.0
2083,오늘밤,0.0
2084,천원,0.0
2085,오다가격,0.0
2086,오다세대,0.0
2087,호리,0.0
2088,예약,0.0
2089,오다퇴거,0.0
2090,호감,0.0
2091,오디오박스,0.0
2092,오류로,0.0
2093,오른쪽,0.0
2094,오미영,0.0
2095,오븐,0.0
2096,혼동,0.0
2097,혼란,0.0
2098,영양,0.0
2099,화기,0.0
2100,출연,0.0
2101,영업,0.0
2102,첨부차종,0.0
2103,영업소,0.0
2104,화나다,0.0
2105,영통동,0.0
2106,예감,0.0
2107,화가,0.0
2108,혼합,0.0
2109,홍보,0.0
2110,출장,0.0
2111,출제,0.0
2112,예쁘다,0.0
2113,예쁘다당첨,0.0
2114,천장,0.0
2115,홀릭,0.0
2116,이쁘다,0.0
2117,카다,0.0
2118,하나요이레,0.0
2119,코퀴,0.0
2120,지라,0.0
2121,정기추천,0.0
2122,파고,0.0
2123,정답,0.0
2124,티아,0.0
2125,지도,0.0
2126,지다아파트,0.0
2127,정독과업,0.0
2128,티볼리,0.0
2129,틈틈하다,0.0
2130,정리복용,0.0
2131,틈나다규어,0.0
2132,정리중고차,0.0
2133,지네확인,0.0
2134,특징,0.0
2135,정말매일,0.0
2136,정발,0.0
2137,지로,0.0
2138,정가,0.0
2139,젓가락,0.0
2140,파다대충,0.0
2141,파이다,0.0
2142,지뢰,0.0
2143,파운드,0.0
2144,파우치,0.0
2145,파악,0.0
2146,점수,0.0
2147,파손,0.0
2148,파다,0.0
2149,접함,0.0
2150,점심,0.0
2151,점점,0.0
2152,점촌동,0.0
2153,접다,0.0
2154,접수,0.0
2155,접지,0.0
2156,접착제,0.0
2157,코코,0.0
2158,정보이야기,0.0
2159,이사,0.0
2160,특정,0.0
2161,트크,0.0
2162,정확하다안녕하다,0.0
2163,젖다,0.0
2164,지긍,0.0
2165,지급시,0.0
2166,지급,0.0
2167,지금받다,0.0
2168,트릭,0.0
2169,트리하우스,0.0
2170,제대로,0.0
2171,제동,0.0
2172,제동컵홀더,0.0
2173,제빵,0.0
2174,제시,0.0
2175,지구본,0.0
2176,제시한글,0.0
2177,제약,0.0
2178,트한자,0.0
2179,특사,0.0
2180,정해진,0.0
2181,정식,0.0
2182,정본,0.0
2183,정비,0.0
2184,정사,0.0
2185,지난번,0.0
2186,정상,0.0
2187,지난,0.0
2188,정성스럽다,0.0
2189,정식쏘렌토,0.0
2190,지나다상품,0.0
2191,특약,0.0
2192,정액,0.0
2193,특성첨부파일,0.0
2194,정작,0.0
2195,특사제품,0.0
2196,정지,0.0
2197,정책,0.0
2198,코스프레,0.0
2199,절체,0.0
2200,지목,0.0
2201,절감,0.0
2202,전갱이,0.0
2203,지시,0.0
2204,전공,0.0
2205,전광판,0.0
2206,전기,0.0
2207,전기여러가지,0.0
2208,지속,0.0
2209,지사,0.0
2210,지불,0.0
2211,팝업,0.0
2212,팔이,0.0
2213,전달,0.0
2214,팔다없다,0.0
2215,지보오늘,0.0
2216,전략,0.0
2217,켜지다,0.0
2218,전류,0.0
2219,전개도,0.0
2220,적히다블루투스,0.0
2221,켈리,0.0
2222,적당하다거상,0.0
2223,지연,0.0
2224,컵라면,0.0
2225,저장,0.0
2226,저장당근,0.0
2227,저화질,0.0
2228,퍼스트,0.0
2229,적다사용,0.0
2230,지아,0.0
2231,지식,0.0
2232,팰리,0.0
2233,적립,0.0
2234,지식몽땅,0.0
2235,적법,0.0
2236,적용,0.0
2237,케노피,0.0
2238,적응,0.0
2239,전문,0.0
2240,전반,0.0
2241,전방,0.0
2242,전작수능특강,0.0
2243,전자렌지,0.0
2244,지문구입,0.0
2245,파일입문,0.0
2246,파일읽다,0.0
2247,전자제품,0.0
2248,전자칠판,0.0
2249,전작,0.0
2250,파일신분,0.0
2251,지문엔진,0.0
2252,파일보다,0.0
2253,전투,0.0
2254,지문,0.0
2255,전혀,0.0
2256,전현수,0.0
2257,파일국영수,0.0
2258,전화번호,0.0
2259,코스모스,0.0
2260,파일지인,0.0
2261,전북,0.0
2262,파일확인,0.0
2263,판이,0.0
2264,판매품질,0.0
2265,판도,0.0
2266,파파,0.0
2267,지바,0.0
2268,파츠,0.0
2269,전세계약,0.0
2270,전세권,0.0
2271,코스,0.0
2272,전승,0.0
2273,파일티코,0.0
2274,전용,0.0
2275,전원,0.0
2276,전이,0.0
2277,파일첨부파일,0.0
2278,파일차갑다,0.0
2279,트랙터,0.0
2280,지각,0.0
2281,트랙스,0.0
2282,테라,0.0
2283,주권,0.0
2284,택배플러스,0.0
2285,택배상품,0.0
2286,택배계약서,0.0
2287,주다고장,0.0
2288,주다마트,0.0
2289,주다만들다,0.0
2290,주다차량,0.0
2291,주로,0.0
2292,태블릿,0.0
2293,주머니,0.0
2294,주물,0.0
2295,주변,0.0
2296,탕기차주,0.0
2297,탕기,0.0
2298,탑재,0.0
2299,탐험,0.0
2300,택비,0.0
2301,중고나라취급,0.0
2302,택용,0.0
2303,터널,0.0
2304,터치,0.0
2305,좋다가지,0.0
2306,크트,0.0
2307,터지다,0.0
2308,좋다박스,0.0
2309,터득,0.0
2310,좋다사고,0.0
2311,좋다제품,0.0
2312,주가,0.0
2313,좋다포티,0.0
2314,좋아하다,0.0
2315,좌석,0.0
2316,좌절찾다,0.0
2317,중고차,0.0
2318,좌충우돌,0.0
2319,죄송하다,0.0
2320,탐지기,0.0
2321,탈착,0.0
2322,탁송,0.0
2323,킨텍스,0.0
2324,타고,0.0
2325,킷들,0.0
2326,클릭마이,0.0
2327,킬로,0.0
2328,주지,0.0
2329,주최,0.0
2330,주치의,0.0
2331,키트,0.0
2332,중강,0.0
2333,죽다,0.0
2334,어딧,0.0
2335,키친,0.0
2336,키즈,0.0
2337,줍다,0.0
2338,준수,0.0
2339,키우다,0.0
2340,주종,0.0
2341,주장,0.0
2342,중개업,0.0
2343,타이머,0.0
2344,클래식,0.0
2345,주소오늘,0.0
2346,주소지,0.0
2347,타이틀,0.0
2348,타이타닉,0.0
2349,주신,0.0
2350,주심,0.0
2351,주어제품,0.0
2352,주입,0.0
2353,주어지다,0.0
2354,클리어,0.0
2355,타워,0.0
2356,주유,0.0
2357,타운,0.0
2358,타오바오,0.0
2359,주일,0.0
2360,종합,0.0
2361,종이비행기,0.0
2362,증설안녕하다,0.0
2363,중고품,0.0
2364,조리법,0.0
2365,큐브,0.0
2366,조립아래,0.0
2367,즐빙,0.0
2368,조립중고차,0.0
2369,조명,0.0
2370,조미,0.0
2371,큐알,0.0
2372,큐알릴오,0.0
2373,즐거움매매,0.0
2374,조사,0.0
2375,통장,0.0
2376,즉판업,0.0
2377,즉각,0.0
2378,조식,0.0
2379,조심스럽다,0.0
2380,조심스럽다초보,0.0
2381,퀴즈,0.0
2382,퀘스트,0.0
2383,통해안녕하다,0.0
2384,제출도장,0.0
2385,코펠,0.0
2386,제조,0.0
2387,제주,0.0
2388,콘넥터,0.0
2389,투성이,0.0
2390,투명,0.0
2391,쿠팡,0.0
2392,증명서,0.0
2393,제한,0.0
2394,퇴사,0.0
2395,통화,0.0
2396,제품루프트한자,0.0
2397,제품마사다,0.0
2398,제품오늘,0.0
2399,제품차갑다,0.0
2400,증권,0.0
2401,조심하다보내다,0.0
2402,조심하다읽다,0.0
2403,통상,0.0
2404,졸다,0.0
2405,토도,0.0
2406,존속,0.0
2407,존재,0.0
2408,존중,0.0
2409,중립,0.0
2410,존중취급,0.0
2411,중도,0.0
2412,졸업,0.0
2413,중요성,0.0
2414,크로스오버,0.0
2415,테슬라,0.0
2416,테블릿,0.0
2417,종모,0.0
2418,종소리,0.0
2419,테블,0.0
2420,크리스,0.0
2421,중복,0.0
2422,조화사실,0.0
2423,조언,0.0
2424,조잡,0.0
2425,조율확인,0.0
2426,크게,0.0
2427,크기한글,0.0
2428,톡톡,0.0
2429,중지,0.0
2430,중이,0.0
2431,토크,0.0
2432,조절,0.0
2433,토리,0.0
2434,조정,0.0
2435,중요확인,0.0
2436,토일,0.0
2437,조직,0.0
2438,중요하다,0.0
2439,토스이전,0.0
2440,조합,0.0
2441,지오,0.0
2442,페달,0.0
2443,페이,0.0
2444,인터넷상품,0.0
2445,플레이,0.0
2446,칼링,0.0
2447,쪼가리상품,0.0
2448,플러시,0.0
2449,일부교제,0.0
2450,일산,0.0
2451,플러스,0.0
2452,일산찾아보다,0.0
2453,일시,0.0
2454,일어나다,0.0
2455,일으키다,0.0
2456,일이,0.0
2457,일일이,0.0
2458,플라잉,0.0
2459,쪼가리,0.0
2460,일전,0.0
2461,일정하다,0.0
2462,플렉스,0.0
2463,카페서다,0.0
2464,카톤,0.0
2465,카카오,0.0
2466,인포테인먼트,0.0
2467,카봇,0.0
2468,피닉스,0.0
2469,카시오,0.0
2470,일괄,0.0
2471,피곤하다정발,0.0
2472,일도,0.0
2473,일러스트,0.0
2474,일본,0.0
2475,피곤하다,0.0
2476,일링,0.0
2477,플스,0.0
2478,플로,0.0
2479,카카오기능,0.0
2480,카톡,0.0
2481,찍다받다,0.0
2482,프반,0.0
2483,프린팅,0.0
2484,일주,0.0
2485,프로,0.0
2486,임차수능특강,0.0
2487,임플란트,0.0
2488,입금,0.0
2489,입다,0.0
2490,입력,0.0
2491,집사,0.0
2492,입사,0.0
2493,입시,0.0
2494,프로그램북미,0.0
2495,프렌즈,0.0
2496,프레임,0.0
2497,입지,0.0
2498,입처,0.0
2499,프라모델,0.0
2500,프라,0.0
2501,잉글리시,0.0
2502,프로그램,0.0
2503,프로비,0.0
2504,일주일,0.0
2505,프리,0.0
2506,일찍,0.0
2507,짝퉁,0.0
2508,프린터수영,0.0
2509,캔디,0.0
2510,읽다기출,0.0
2511,읽다오늘,0.0
2512,프리덤,0.0
2513,잃어버리다,0.0
2514,임의,0.0
2515,캘리,0.0
2516,잃어버리다다운,0.0
2517,잃어버리다쓸모,0.0
2518,집중,0.0
2519,임대파일,0.0
2520,임대한글,0.0
2521,임모탈,0.0
2522,인테리어,0.0
2523,피드백,0.0
2524,자가,0.0
2525,인치,0.0
2526,이제야,0.0
2527,이제야바닥,0.0
2528,이지할머니,0.0
2529,이징,0.0
2530,이차,0.0
2531,이천,0.0
2532,침수,0.0
2533,이천시,0.0
2534,필요하다중성,0.0
2535,이킷,0.0
2536,이탈,0.0
2537,차량플라잉,0.0
2538,이틀,0.0
2539,이프,0.0
2540,차량첨부파일,0.0
2541,줄다안내,0.0
2542,카더라,0.0
2543,필요하다확인,0.0
2544,침대,0.0
2545,이제나인,0.0
2546,이야기,0.0
2547,이사양식,0.0
2548,칠하다,0.0
2549,하나로,0.0
2550,핕드,0.0
2551,핑크색,0.0
2552,이십만보다,0.0
2553,이암,0.0
2554,이엠,0.0
2555,필지,0.0
2556,이외,0.0
2557,핑크,0.0
2558,이용설,0.0
2559,핑발좋,0.0
2560,이음,0.0
2561,이전,0.0
2562,이정,0.0
2563,이하만원,0.0
2564,이하연,0.0
2565,이하인스팅트,0.0
2566,인수,0.0
2567,인분페리,0.0
2568,차도,0.0
2569,인사이트들다,0.0
2570,인상,0.0
2571,차단기,0.0
2572,필독트랙터,0.0
2573,필기,0.0
2574,차다확인,0.0
2575,인보,0.0
2576,픽업,0.0
2577,인스,0.0
2578,인승,0.0
2579,인식,0.0
2580,인장,0.0
2581,피쳐폰,0.0
2582,인지,0.0
2583,인분,0.0
2584,인바디,0.0
2585,차량여기다,0.0
2586,카링,0.0
2587,이해구몬,0.0
2588,이해제목,0.0
2589,카라,0.0
2590,익숙하다,0.0
2591,필요성,0.0
2592,익스,0.0
2593,차량다음주,0.0
2594,인간,0.0
2595,인덱스,0.0
2596,카메라기능,0.0
2597,인게이지,0.0
2598,필수,0.0
2599,인과,0.0
2600,필러,0.0
2601,인대,0.0
2602,인덕션,0.0
2603,잊어버리다,0.0
2604,자각,0.0
2605,페이지모르다,0.0
2606,컨솔박스안,0.0
2607,잘만,0.0
2608,잠들다,0.0
2609,잠수함,0.0
2610,잠자다,0.0
2611,지지항상,0.0
2612,잡고,0.0
2613,잡다,0.0
2614,잡히다,0.0
2615,잡히다이제,0.0
2616,지지,0.0
2617,장난감,0.0
2618,지적,0.0
2619,지장,0.0
2620,장님확인,0.0
2621,장만,0.0
2622,장면,0.0
2623,장비,0.0
2624,평온하다,0.0
2625,지질,0.0
2626,잘라먹다,0.0
2627,포럼,0.0
2628,작성제품,0.0
2629,포스,0.0
2630,포맨,0.0
2631,지폐,0.0
2632,작성청약,0.0
2633,작시,0.0
2634,컨트롤러,0.0
2635,지팩,0.0
2636,잔량,0.0
2637,작업최근,0.0
2638,지키다,0.0
2639,작품,0.0
2640,지침,0.0
2641,잔기스알리,0.0
2642,폐지,0.0
2643,잔뜩,0.0
2644,장산,0.0
2645,지인도요릴,0.0
2646,장선,0.0
2647,컴터,0.0
2648,재밌다데이토나,0.0
2649,편의점옥토,0.0
2650,재발,0.0
2651,재시,0.0
2652,편의점,0.0
2653,재우다,0.0
2654,재질,0.0
2655,편리하다,0.0
2656,편입,0.0
2657,편도,0.0
2658,재해,0.0
2659,재회,0.0
2660,페이지참조,0.0
2661,컴퓨터,0.0
2662,지용,0.0
2663,저스티스,0.0
2664,편이,0.0
2665,컬러,0.0
2666,평소,0.0
2667,장착법등,0.0
2668,장시간,0.0
2669,장시간취급,0.0
2670,장식중고,0.0
2671,장의,0.0
2672,장인,0.0
2673,장작,0.0
2674,장착,0.0
2675,장착비,0.0
2676,편집,0.0
2677,평생,0.0
2678,평단,0.0
2679,장항동,0.0
2680,재계약,0.0
2681,재료,0.0
2682,평균,0.0
2683,재미없다,0.0
2684,포의,0.0
2685,작성인수,0.0
2686,자격증,0.0
2687,지하철,0.0
2688,자명,0.0
2689,진행피닉스,0.0
2690,자비,0.0
2691,자비스트라이크,0.0
2692,풀크,0.0
2693,풀콩,0.0
2694,풀리다,0.0
2695,진땀,0.0
2696,자석,0.0
2697,커맨드,0.0
2698,푸조확인,0.0
2699,커뮤니티대다,0.0
2700,자세하다차도,0.0
2701,커버,0.0
2702,자수,0.0
2703,자숙하,0.0
2704,자식,0.0
2705,품다,0.0
2706,커리,0.0
2707,자리,0.0
2708,자동차조립,0.0
2709,커넥트,0.0
2710,자국,0.0
2711,자금,0.0
2712,자다,0.0
2713,자도안녕하다,0.0
2714,품질,0.0
2715,품번,0.0
2716,자라다,0.0
2717,자르다,0.0
2718,자랑,0.0
2719,자랑상품,0.0
2720,자로,0.0
2721,자료가다,0.0
2722,자료농번기,0.0
2723,자료중고,0.0
2724,자료포장,0.0
2725,자아,0.0
2726,진단,0.0
2727,표지판,0.0
2728,작년지키다,0.0
2729,커피,0.0
2730,직원,0.0
2731,폭스바겐,0.0
2732,직무,0.0
2733,직구,0.0
2734,포함,0.0
2735,포토샵,0.0
2736,포토북,0.0
2737,작가,0.0
2738,포터,0.0
2739,직거래요새,0.0
2740,작법,0.0
2741,컨셉,0.0
2742,포카,0.0
2743,작성서다,0.0
2744,지호,0.0
2745,직장,0.0
2746,자필,0.0
2747,자연사,0.0
2748,커블,0.0
2749,자유게시판중국,0.0
2750,자유롭다,0.0
2751,진공관,0.0
2752,자유롭다시행,0.0
2753,표지가지,0.0
2754,진공,0.0
2755,자작,0.0
2756,직전,0.0
2757,자쿠,0.0
2758,표준,0.0
2759,자재,0.0
2760,자전거,0.0
2761,직장인,0.0
2762,표시박스,0.0
2763,자충,0.0
2764,자켓,0.0
2765,어딨다,0.0
2766,셋팅법,0.0
2767,어디가막상,0.0
2768,대체,0.0
2769,대부분레고,0.0
2770,대서,0.0
2771,대시,0.0
2772,대신,0.0
2773,대신차량,0.0
2774,대여,0.0
2775,대요,0.0
2776,대요사용,0.0
2777,대응,0.0
2778,대장균정발,0.0
2779,대장레이,0.0
2780,대처,0.0
2781,대출덜컥,0.0
2782,되어다기본,0.0
2783,대통,0.0
2784,대필,0.0
2785,대하,0.0
2786,대학,0.0
2787,대학생,0.0
2788,대형,0.0
2789,대화노후,0.0
2790,댓글달다,0.0
2791,더뉴용,0.0
2792,더니,0.0
2793,더러,0.0
2794,덕분,0.0
2795,대박,0.0
2796,대리인,0.0
2797,대략,0.0
2798,대동,0.0
2799,단어,0.0
2800,단촛물,0.0
2801,단팥빵유모차,0.0
2802,달구다,0.0
2803,달기,0.0
2804,달리다,0.0
2805,담다,0.0
2806,담당자,0.0
2807,답답,0.0
2808,답례,0.0
2809,답지,0.0
2810,당뇨,0.0
2811,당사자,0.0
2812,당시,0.0
2813,당첨,0.0
2814,당체,0.0
2815,당황,0.0
2816,닿다취급,0.0
2817,대가,0.0
2818,대금,0.0
2819,대기,0.0
2820,대기업,0.0
2821,대답,0.0
2822,대당,0.0
2823,대도,0.0
2824,던지다,0.0
2825,덥다,0.0
2826,덥다모델,0.0
2827,도지,0.0
2828,도킹,0.0
2829,도통,0.0
2830,도하,0.0
2831,독서건프라,0.0
2832,독일,0.0
2833,독일어,0.0
2834,독일어가격,0.0
2835,독후감,0.0
2836,돌다,0.0
2837,돌렷는데,0.0
2838,돌리다상품,0.0
2839,돌보다,0.0
2840,돌아오다링크,0.0
2841,동거,0.0
2842,동그라미,0.0
2843,동물실험,0.0
2844,동성,0.0
2845,동양,0.0
2846,동영상청소,0.0
2847,동일하다다르다,0.0
2848,동탄,0.0
2849,동티로봇,0.0
2850,동향,0.0
2851,돼지,0.0
2852,되어다건축물,0.0
2853,도착,0.0
2854,도전건담,0.0
2855,덥다밉다,0.0
2856,도저히,0.0
2857,덩치,0.0
2858,데려오다,0.0
2859,데마,0.0
2860,데우다,0.0
2861,데이콤,0.0
2862,데이터,0.0
2863,데이토나,0.0
2864,데칼카운티,0.0
2865,덴드,0.0
2866,도래,0.0
2867,도로,0.0
2868,도로명,0.0
2869,도료,0.0
2870,도망가다,0.0
2871,도무지,0.0
2872,도서,0.0
2873,도시,0.0
2874,도시가스킹오쟈,0.0
2875,도안흑백,0.0
2876,도와주다,0.0
2877,도와주다무거워,0.0
2878,도와주다바퀴,0.0
2879,도움일본어,0.0
2880,도인,0.0
2881,도장예전,0.0
2882,단속,0.0
2883,단말기,0.0
2884,단돈,0.0
2885,녹색,0.0
2886,녹화,0.0
2887,논란,0.0
2888,논리,0.0
2889,논의번호,0.0
2890,놀다,0.0
2891,농소동,0.0
2892,높다,0.0
2893,놓다운전,0.0
2894,누가남편,0.0
2895,누가보관,0.0
2896,누나,0.0
2897,누더기,0.0
2898,누렇,0.0
2899,누르다찾다,0.0
2900,누수,0.0
2901,누적,0.0
2902,눈거로만,0.0
2903,뉴코,0.0
2904,느껴지다,0.0
2905,는걸,0.0
2906,늘다,0.0
2907,늘다가다,0.0
2908,늙다읽다,0.0
2909,늦다,0.0
2910,늦다없다,0.0
2911,녹이다,0.0
2912,노트북,0.0
2913,닌까,0.0
2914,노트,0.0
2915,넘겨받다,0.0
2916,넘겨주다파릇파릇하다,0.0
2917,넘기다,0.0
2918,넘어가다,0.0
2919,넘어서다,0.0
2920,네가지,0.0
2921,네비게이션,0.0
2922,네이버아니다,0.0
2923,네티즌,0.0
2924,넥스트,0.0
2925,녀석,0.0
2926,년년,0.0
2927,년대,0.0
2928,년도보다,0.0
2929,년전,0.0
2930,년주,0.0
2931,년차,0.0
2932,년차홈페이지,0.0
2933,노래방,0.0
2934,노량진,0.0
2935,노력,0.0
2936,노루발,0.0
2937,노무,0.0
2938,노안,0.0
2939,노출,0.0
2940,니나,0.0
2941,다급하다,0.0
2942,단기임대차,0.0
2943,다운로드안녕하다,0.0
2944,다운로드유상증자,0.0
2945,다운로드장식,0.0
2946,다운로드재셋팅,0.0
2947,다운로드전류,0.0
2948,다운로드제품,0.0
2949,다운로드주택,0.0
2950,다운로드중고,0.0
2951,다운로드찍다,0.0
2952,다운로드차다,0.0
2953,다운로드차량,0.0
2954,다운로드처음,0.0
2955,다운로드테슬라,0.0
2956,다운로드필요,0.0
2957,다운타운,0.0
2958,다음주,0.0
2959,다이내믹,0.0
2960,다이소,0.0
2961,다이얼,0.0
2962,다지다,0.0
2963,다큐멘터리,0.0
2964,다행,0.0
2965,다행지인,0.0
2966,다행하다,0.0
2967,닦다,0.0
2968,단계,0.0
2969,다운로드영문,0.0
2970,다운로드아반떼,0.0
2971,다녀오다,0.0
2972,다운로드아동,0.0
2973,다데,0.0
2974,다라,0.0
2975,다르다아래,0.0
2976,다르다어렵다,0.0
2977,다르다처음,0.0
2978,다리,0.0
2979,다방,0.0
2980,다시브랜드,0.0
2981,다시안녕하다,0.0
2982,다양성,0.0
2983,다양하다,0.0
2984,다운대담,0.0
2985,다운로드가공,0.0
2986,다운로드가다,0.0
2987,다운로드구입,0.0
2988,다운로드기아,0.0
2989,다운로드깨끗하다,0.0
2990,다운로드누가,0.0
2991,다운로드다비,0.0
2992,다운로드레고,0.0
2993,다운로드발암,0.0
2994,다운로드부동산,0.0
2995,다운로드사장,0.0
2996,다운로드상품,0.0
2997,다운로드슬기롭다,0.0
2998,되어다구입,0.0
2999,되어다약품,0.0
3000,어디가,0.0
3001,린지,0.0
3002,리다,0.0
3003,리더,0.0
3004,리버,0.0
3005,리스,0.0
3006,리아,0.0
3007,리앤,0.0
3008,리얼,0.0
3009,리즌,0.0
3010,리치,0.0
3011,리키,0.0
3012,리페,0.0
3013,리해스마트,0.0
3014,링크가격,0.0
3015,되어다제품,0.0
3016,링크기본,0.0
3017,마감,0.0
3018,마글,0.0
3019,마더,0.0
3020,마땅하다,0.0
3021,마란,0.0
3022,마련,0.0
3023,마린,0.0
3024,마무리,0.0
3025,마사다,0.0
3026,마스터,0.0
3027,마스트,0.0
3028,리뉴얼,0.0
3029,루프,0.0
3030,루트,0.0
3031,루브,0.0
3032,레버,0.0
3033,레벨,0.0
3034,레시피,0.0
3035,레시피확인,0.0
3036,레오,0.0
3037,레이더,0.0
3038,레이드,0.0
3039,레이저,0.0
3040,레이져,0.0
3041,레퍼런스,0.0
3042,렉서스,0.0
3043,렉스,0.0
3044,렉스턴껄,0.0
3045,렌즈,0.0
3046,려고,0.0
3047,려면,0.0
3048,로그아웃,0.0
3049,로그인,0.0
3050,로렌스,0.0
3051,로르텔,0.0
3052,로보트,0.0
3053,로서,0.0
3054,로체,0.0
3055,롯데,0.0
3056,루리,0.0
3057,마시다,0.0
3058,마이,0.0
3059,마인,0.0
3060,맞다확인,0.0
3061,매뉴얼드리다,0.0
3062,매니저,0.0
3063,매립,0.0
3064,매물,0.0
3065,매스미디어,0.0
3066,매장,0.0
3067,매직,0.0
3068,매트,0.0
3069,머리,0.0
3070,머물다,0.0
3071,머신,0.0
3072,먹다가리안,0.0
3073,먹다레고,0.0
3074,먹다리브,0.0
3075,먹다소비자,0.0
3076,먹다해외여행,0.0
3077,먹음,0.0
3078,먼저조사,0.0
3079,먼트아내,0.0
3080,멀다,0.0
3081,멀티,0.0
3082,멈칫,0.0
3083,멋지다,0.0
3084,멍청하다,0.0
3085,멍하니,0.0
3086,맡기다,0.0
3087,맞다첨부파일,0.0
3088,마인크래프트,0.0
3089,맞다집안,0.0
3090,마침,0.0
3091,마침첨부파일,0.0
3092,마켓,0.0
3093,마크핏,0.0
3094,마트,0.0
3095,막다,0.0
3096,막다프리미어,0.0
3097,막연하다,0.0
3098,막히다,0.0
3099,만나다,0.0
3100,만들기,0.0
3101,만들다기아,0.0
3102,만족,0.0
3103,만지다,0.0
3104,만해,0.0
3105,많다은퇴,0.0
3106,많다지난,0.0
3107,많아지다,0.0
3108,말레이,0.0
3109,맛있다,0.0
3110,망가지다,0.0
3111,망치다,0.0
3112,맞늣,0.0
3113,맞다던전,0.0
3114,맞다시아,0.0
3115,레디,0.0
3116,런너,0.0
3117,러블,0.0
3118,드리다서핑,0.0
3119,드리다이명,0.0
3120,드리다입옆,0.0
3121,드리다제네시스,0.0
3122,드리다조립,0.0
3123,드리다책자,0.0
3124,드리다첨부파일,0.0
3125,드리다추천,0.0
3126,드리다취급,0.0
3127,드리다토욜,0.0
3128,드리다패드,0.0
3129,드리다표지,0.0
3130,드릴,0.0
3131,드릴지인,0.0
3132,드림,0.0
3133,들다계약,0.0
3134,들다다르다,0.0
3135,들다설치다,0.0
3136,들다세입,0.0
3137,들다안녕하다,0.0
3138,들다최고,0.0
3139,들보,0.0
3140,들어가다물건,0.0
3141,들어서다,0.0
3142,들어주다,0.0
3143,등급,0.0
3144,드리다안녕하다,0.0
3145,드리다민원,0.0
3146,등장인물,0.0
3147,드리다무극,0.0
3148,되어다한글,0.0
3149,두고두고,0.0
3150,두고두고조립,0.0
3151,두다귀족,0.0
3152,두다차량,0.0
3153,두렵다변경,0.0
3154,두르다,0.0
3155,두리,0.0
3156,두번째,0.0
3157,두툼,0.0
3158,뒤지다,0.0
3159,뒤쪽,0.0
3160,뒷모습,0.0
3161,드네,0.0
3162,드네안녕하다,0.0
3163,드라이,0.0
3164,드라이브,0.0
3165,드래곤,0.0
3166,드러내다,0.0
3167,드레일러,0.0
3168,드론,0.0
3169,드리다공구,0.0
3170,드리다대지,0.0
3171,드리다도통,0.0
3172,드리다모닝,0.0
3173,등록세,0.0
3174,등종,0.0
3175,량등,0.0
3176,뛰어가다,0.0
3177,뛰어넘다,0.0
3178,뜨겁다,0.0
3179,뜨다다르다,0.0
3180,뜨다상가,0.0
3181,뜨다액티언,0.0
3182,뜯기다,0.0
3183,뜻일,0.0
3184,띄우다,0.0
3185,띠옹,0.0
3186,라거,0.0
3187,라디오,0.0
3188,라디오안녕하다,0.0
3189,라따뚜이,0.0
3190,라서힘들다,0.0
3191,라엘,0.0
3192,라이브,0.0
3193,라이즈,0.0
3194,라이트,0.0
3195,라이프찾다,0.0
3196,라이프휴대폰,0.0
3197,람보르기니,0.0
3198,래미,0.0
3199,랜더,0.0
3200,랜덤,0.0
3201,랭리,0.0
3202,뛰어나다,0.0
3203,뚱딴지,0.0
3204,디벨롭,0.0
3205,똥손,0.0
3206,디스,0.0
3207,디스크,0.0
3208,디스크방법,0.0
3209,디스플레이,0.0
3210,디어,0.0
3211,디자인,0.0
3212,디젤,0.0
3213,디즈니,0.0
3214,디즐,0.0
3215,디테,0.0
3216,디테구매,0.0
3217,디테일,0.0
3218,딥글,0.0
3219,따뜻하다,0.0
3220,따라오다,0.0
3221,딱딱하다,0.0
3222,딱하다,0.0
3223,딱하다첨부파일,0.0
3224,딸내미,0.0
3225,딸램,0.0
3226,땅굴,0.0
3227,떡대,0.0
3228,떨어지다상품,0.0
3229,떼다,0.0
3230,또봇,0.0
3231,넓히다,0.0
3232,넓다,0.0
3233,냉온,0.0
3234,경영,0.0
3235,겨울,0.0
3236,겨울왕국,0.0
3237,결과,0.0
3238,결산,0.0
3239,결선,0.0
3240,결제,0.0
3241,결함,0.0
3242,결합,0.0
3243,경계,0.0
3244,경기도,0.0
3245,경리,0.0
3246,경보기,0.0
3247,경우방금,0.0
3248,냉방,0.0
3249,경우유튜브,0.0
3250,경이,0.0
3251,경제,0.0
3252,경제학,0.0
3253,경험,0.0
3254,계기안내,0.0
3255,계란,0.0
3256,계산,0.0
3257,계산기,0.0
3258,계산서,0.0
3259,계세당사,0.0
3260,계시뉴에이지,0.0
3261,겠다확인,0.0
3262,겠다구매,0.0
3263,겠다,0.0
3264,겔규그,0.0
3265,거주지,0.0
3266,거치다,0.0
3267,건가독일,0.0
3268,건강,0.0
3269,건강하다,0.0
3270,건담코멘트,0.0
3271,건지다안녕하다,0.0
3272,건폐,0.0
3273,건폐율,0.0
3274,건프라,0.0
3275,걸다소방,0.0
3276,걸다읽다,0.0
3277,걸다중고,0.0
3278,걸다질문,0.0
3279,걸치다,0.0
3280,검수,0.0
3281,검정,0.0
3282,검침,0.0
3283,검토,0.0
3284,겁니다아이오,0.0
3285,겁니다회원,0.0
3286,겁쟁이,0.0
3287,게약,0.0
3288,게이트,0.0
3289,게임기,0.0
3290,계시다간편,0.0
3291,계시다건물,0.0
3292,계시다대한,0.0
3293,고문,0.0
3294,고백,0.0
3295,고생,0.0
3296,고생금번,0.0
3297,고생최근,0.0
3298,고속,0.0
3299,고수,0.0
3300,고시,0.0
3301,고요,0.0
3302,고장취급,0.0
3303,고지혈증,0.0
3304,고추장,0.0
3305,고치다,0.0
3306,고해,0.0
3307,고혈압,0.0
3308,곤지암,0.0
3309,골드,0.0
3310,골프,0.0
3311,곰곰하다,0.0
3312,곳메,0.0
3313,곳좀,0.0
3314,공개,0.0
3315,공고,0.0
3316,공공,0.0
3317,공룡,0.0
3318,공배,0.0
3319,고민서다,0.0
3320,고무,0.0
3321,계시다마시다,0.0
3322,고맙다크리스마스,0.0
3323,계시다미션,0.0
3324,계시다발칸,0.0
3325,계시다없다,0.0
3326,계시다에어,0.0
3327,계시다운전,0.0
3328,계시다제목,0.0
3329,계시다조립,0.0
3330,계시다차량,0.0
3331,계시다청소,0.0
3332,계시다출고,0.0
3333,계시다큐바,0.0
3334,계시다확인,0.0
3335,계시입자,0.0
3336,계전,0.0
3337,계층,0.0
3338,고객들다,0.0
3339,고글,0.0
3340,고급,0.0
3341,고급가다,0.0
3342,고급스럽다,0.0
3343,고기,0.0
3344,고딩,0.0
3345,고르다,0.0
3346,고맙다,0.0
3347,고맙다이제,0.0
3348,거유,0.0
3349,거리,0.0
3350,거래받다,0.0
3351,가속,0.0
3352,가스,0.0
3353,가액,0.0
3354,가요들다,0.0
3355,가요믿다,0.0
3356,가요상품,0.0
3357,가요세차,0.0
3358,가요영어,0.0
3359,가요지금,0.0
3360,가요지난번,0.0
3361,가요한글,0.0
3362,가용,0.0
3363,가운데,0.0
3364,가이드북,0.0
3365,가이드북대동,0.0
3366,가이즈,0.0
3367,가정,0.0
3368,가조,0.0
3369,가지구형,0.0
3370,가지다,0.0
3371,가지드림,0.0
3372,가지매도,0.0
3373,가지제품,0.0
3374,가지중개,0.0
3375,가지확인,0.0
3376,가짜,0.0
3377,가쇼,0.0
3378,가보다소공,0.0
3379,가축,0.0
3380,가볍다,0.0
3381,가공품,0.0
3382,가까이,0.0
3383,가능다나,0.0
3384,가능하다주말,0.0
3385,가능하다즉판,0.0
3386,가능하다호리,0.0
3387,가다기아,0.0
3388,가다나머지,0.0
3389,가다부동산,0.0
3390,가다사진,0.0
3391,가다선택,0.0
3392,가다안녕하다,0.0
3393,가다제품,0.0
3394,가다카톡,0.0
3395,가다확인,0.0
3396,가도,0.0
3397,가량,0.0
3398,가로등,0.0
3399,가르다,0.0
3400,가르치다,0.0
3401,가리개,0.0
3402,가리다,0.0
3403,가리안,0.0
3404,가면,0.0
3405,가방,0.0
3406,가챠,0.0
3407,간격,0.0
3408,거들다,0.0
3409,감사하다중고,0.0
3410,감액,0.0
3411,감정,0.0
3412,감지위버,0.0
3413,감탄,0.0
3414,갑상선,0.0
3415,강력하다,0.0
3416,강스,0.0
3417,강습,0.0
3418,강화안녕하다,0.0
3419,강화지금껏,0.0
3420,갖다,0.0
3421,개뿔,0.0
3422,개시,0.0
3423,개업,0.0
3424,개월,0.0
3425,개월치,0.0
3426,개인,0.0
3427,개중,0.0
3428,개찰,0.0
3429,갤럭시,0.0
3430,갤탭,0.0
3431,갯수드래곤,0.0
3432,거꾸로,0.0
3433,거나,0.0
3434,거늘,0.0
3435,감사하다처음,0.0
3436,감사하다조립,0.0
3437,간단,0.0
3438,감사하다제목,0.0
3439,간단하다,0.0
3440,간의,0.0
3441,간장,0.0
3442,간절하다,0.0
3443,간절하다보관,0.0
3444,간지,0.0
3445,간편,0.0
3446,간호,0.0
3447,갈다,0.0
3448,갈다시험,0.0
3449,감고,0.0
3450,감다,0.0
3451,감다차사,0.0
3452,감사하다그렇다,0.0
3453,감사하다기아,0.0
3454,감사하다내용,0.0
3455,감사하다디젤,0.0
3456,감사하다사용,0.0
3457,감사하다상세,0.0
3458,감사하다샤아,0.0
3459,감사하다신차,0.0
3460,감사하다연결,0.0
3461,감사하다오타,0.0
3462,감사하다재밌다,0.0
3463,감사하다제대로,0.0
3464,공법,0.0
3465,공부즐겁다,0.0
3466,공사,0.0
3467,까먹다,0.0
3468,깔끔하다,0.0
3469,깔다,0.0
3470,깔리다,0.0
3471,깡통,0.0
3472,깨끗시방,0.0
3473,깨끗하다확인,0.0
3474,꺼지다,0.0
3475,껍데기,0.0
3476,꼬맹이,0.0
3477,꼬몽디,0.0
3478,꼬부,0.0
3479,꼭좀가지,0.0
3480,꽂다,0.0
3481,꽃다윰,0.0
3482,꽅아둔,0.0
3483,꾸리,0.0
3484,꾸벅기본,0.0
3485,꾸욱,0.0
3486,꿀팁,0.0
3487,끄다개정,0.0
3488,끄다계약,0.0
3489,끄다제품,0.0
3490,끄다텀블러,0.0
3491,끄다후기,0.0
3492,끝장,0.0
3493,깎다,0.0
3494,까맣다,0.0
3495,끼우다,0.0
3496,김재윤,0.0
3497,기르다거래,0.0
3498,기만,0.0
3499,기만상품,0.0
3500,기분,0.0
3501,기쁘다,0.0
3502,기쁨,0.0
3503,기사,0.0
3504,기성품,0.0
3505,기스,0.0
3506,기아차,0.0
3507,기어,0.0
3508,기어안녕하다,0.0
3509,기왕,0.0
3510,기준서,0.0
3511,기차,0.0
3512,기초,0.0
3513,기호캠핑카,0.0
3514,기회,0.0
3515,기회가다,0.0
3516,기회교육,0.0
3517,긴급,0.0
3518,길들이다,0.0
3519,길이,0.0
3520,김민정,0.0
3521,김서현,0.0
3522,끼다,0.0
3523,나가요,0.0
3524,기대하다,0.0
3525,남기다,0.0
3526,남기다첨부파일,0.0
3527,남다가솔린,0.0
3528,남서,0.0
3529,남아돌다,0.0
3530,남원동,0.0
3531,남정,0.0
3532,남캐,0.0
3533,낫다사용,0.0
3534,낫다인천,0.0
3535,낮다,0.0
3536,낯선,0.0
3537,내내,0.0
3538,내놓다,0.0
3539,내보내다,0.0
3540,내비,0.0
3541,내비게이션제품,0.0
3542,내연기관차,0.0
3543,내용레고,0.0
3544,내용종류,0.0
3545,내자,0.0
3546,내주다,0.0
3547,내진,0.0
3548,냉동,0.0
3549,냉동기,0.0
3550,냉매,0.0
3551,남기다받다,0.0
3552,날짜,0.0
3553,나노,0.0
3554,날아오다건설,0.0
3555,나누다,0.0
3556,나라,0.0
3557,나르다,0.0
3558,나머지,0.0
3559,나비,0.0
3560,나쁘다,0.0
3561,나서다,0.0
3562,나영일,0.0
3563,나오다남자,0.0
3564,나오다센터,0.0
3565,나오다아티,0.0
3566,나오다회원,0.0
3567,나이트,0.0
3568,나중,0.0
3569,나타내다,0.0
3570,난간,0.0
3571,난감,0.0
3572,난감하다,0.0
3573,난독증,0.0
3574,난방,0.0
3575,난청,0.0
3576,날다,0.0
3577,날로,0.0
3578,날리다,0.0
3579,날아가다,0.0
3580,기르다,0.0
3581,기대다,0.0
3582,공시,0.0
3583,구글링,0.0
3584,구급차,0.0
3585,구두,0.0
3586,구들,0.0
3587,구매가다,0.0
3588,구매브라,0.0
3589,구매사라지다,0.0
3590,구매프리미어,0.0
3591,구멍,0.0
3592,구몬,0.0
3593,구분,0.0
3594,구비,0.0
3595,구성은,0.0
3596,구역오늘,0.0
3597,구연산,0.0
3598,구의,0.0
3599,구입여자,0.0
3600,구즉,0.0
3601,구청,0.0
3602,구체,0.0
3603,구판,0.0
3604,구합어제,0.0
3605,구합오다,0.0
3606,구합이사,0.0
3607,구해상품,0.0
3608,구형,0.0
3609,구글번역기,0.0
3610,교환산이,0.0
3611,군데,0.0
3612,교육장,0.0
3613,공용,0.0
3614,공원,0.0
3615,공유오늘,0.0
3616,공유추천,0.0
3617,공중,0.0
3618,공지,0.0
3619,공홈,0.0
3620,과감,0.0
3621,과목,0.0
3622,과속방지턱중고,0.0
3623,과업,0.0
3624,과열,0.0
3625,과열상품,0.0
3626,과정,0.0
3627,과태료,0.0
3628,관계자,0.0
3629,관련가다,0.0
3630,관련세력,0.0
3631,관리조립,0.0
3632,광범위하다,0.0
3633,광장,0.0
3634,괴롭다,0.0
3635,교구,0.0
3636,교부계약서,0.0
3637,교사,0.0
3638,국한,0.0
3639,군제,0.0
3640,기다,0.0
3641,그룬딕,0.0
3642,그림,0.0
3643,그림여기저기,0.0
3644,그치다,0.0
3645,근교,0.0
3646,근육,0.0
3647,근저당권,0.0
3648,글라이더,0.0
3649,글래디에이터,0.0
3650,글루건,0.0
3651,글쓰기,0.0
3652,글씨,0.0
3653,글자,0.0
3654,금복,0.0
3655,금액출처,0.0
3656,금요일,0.0
3657,금일,0.0
3658,급식,0.0
3659,급유,0.0
3660,긍정,0.0
3661,기간,0.0
3662,기계,0.0
3663,기기,0.0
3664,기내식,0.0
3665,기능모르다,0.0
3666,기능상품,0.0
3667,그리다,0.0
3668,그루퍼,0.0
3669,군포동,0.0
3670,그랜져,0.0
3671,굳이,0.0
3672,궁굼,0.0
3673,궁굼합니어제,0.0
3674,궁굼해,0.0
3675,궁금증,0.0
3676,궁금증놓다,0.0
3677,궁금하다드플,0.0
3678,궁금하다보고,0.0
3679,궁금하다시스템,0.0
3680,궁금하다어제,0.0
3681,궁금하다임대,0.0
3682,궁금하다조립,0.0
3683,궁금하다한글,0.0
3684,궁합,0.0
3685,권외,0.0
3686,권장,0.0
3687,귀뚜라미,0.0
3688,귀찮다아파트,0.0
3689,규어,0.0
3690,규제,0.0
3691,그거,0.0
3692,그게,0.0
3693,그라인더,0.0
3694,그란디아,0.0
3695,그란투리스모,0.0
3696,메그,0.0
3697,메뉴,0.0
3698,메뉴등기,0.0
3699,소식,0.0
3700,센서스,0.0
3701,센스,0.0
3702,가계약,0.0
3703,소개충북,0.0
3704,소규모,0.0
3705,소나타,0.0
3706,소등,0.0
3707,소로,0.0
3708,소리,0.0
3709,소방시설,0.0
3710,소설,0.0
3711,소송,0.0
3712,소외,0.0
3713,사르다월남전,0.0
3714,소요,0.0
3715,소유,0.0
3716,소장,0.0
3717,소재,0.0
3718,소재지,0.0
3719,소중하다,0.0
3720,속도,0.0
3721,손안,0.0
3722,솔루션,0.0
3723,솔직하다,0.0
3724,송사,0.0
3725,송쇼하,0.0
3726,센서,0.0
3727,섹션,0.0
3728,세차,0.0
3729,세제,0.0
3730,선정,0.0
3731,선진,0.0
3732,선풍기,0.0
3733,설계,0.0
3734,설레다,0.0
3735,설레다부숭,0.0
3736,설비,0.0
3737,설정첨부파일,0.0
3738,설정확인,0.0
3739,설치사전,0.0
3740,설치주자,0.0
3741,성능,0.0
3742,성분,0.0
3743,성상,0.0
3744,성인,0.0
3745,성질,0.0
3746,성향,0.0
3747,세금,0.0
3748,세기,0.0
3749,세단,0.0
3750,세력,0.0
3751,세무서,0.0
3752,세번,0.0
3753,세수,0.0
3754,세입,0.0
3755,수가중고,0.0
3756,수급,0.0
3757,수기,0.0
3758,숟가락,0.0
3759,숨다,0.0
3760,숫자,0.0
3761,쉐도우,0.0
3762,쉐비,0.0
3763,쉘롱,0.0
3764,쉬다독연,0.0
3765,쉬다디퍼,0.0
3766,쉬다처음,0.0
3767,슈퍼,0.0
3768,스램,0.0
3769,스마트폰,0.0
3770,스물,0.0
3771,스미스,0.0
3772,스벅복잡하다,0.0
3773,스샷,0.0
3774,스위치,0.0
3775,스윙,0.0
3776,스커트,0.0
3777,스타,0.0
3778,스타워즈,0.0
3779,스탠다드,0.0
3780,스탠드,0.0
3781,스텀,0.0
3782,스텀안녕하다,0.0
3783,스테이션,0.0
3784,숨기다,0.0
3785,순정,0.0
3786,수능완성,0.0
3787,순위,0.0
3788,수당,0.0
3789,수도권,0.0
3790,수동,0.0
3791,수동식,0.0
3792,수령,0.0
3793,수록,0.0
3794,수리,0.0
3795,수석,0.0
3796,수수,0.0
3797,수술,0.0
3798,수신기,0.0
3799,수업,0.0
3800,수완,0.0
3801,수용,0.0
3802,수익,0.0
3803,수임,0.0
3804,수입,0.0
3805,수준,0.0
3806,수학,0.0
3807,숙소,0.0
3808,숙지,0.0
3809,숙지젠를,0.0
3810,순서,0.0
3811,순수,0.0
3812,순식간,0.0
3813,선장,0.0
3814,선수,0.0
3815,선불,0.0
3816,사장,0.0
3817,사지,0.0
3818,사진수능특강,0.0
3819,사진안녕하다,0.0
3820,사출,0.0
3821,사하,0.0
3822,사회,0.0
3823,산지,0.0
3824,살껄하,0.0
3825,살때,0.0
3826,살리다,0.0
3827,살리다계약서,0.0
3828,살짝,0.0
3829,살펴보다,0.0
3830,삼각대,0.0
3831,삼다,0.0
3832,삼다수,0.0
3833,상관,0.0
3834,상대,0.0
3835,상반,0.0
3836,상세가다,0.0
3837,상세상품,0.0
3838,상세영어,0.0
3839,상세첨부파일,0.0
3840,상세프라,0.0
3841,상세필요,0.0
3842,사주다,0.0
3843,사이트취급,0.0
3844,상위,0.0
3845,사이트정도,0.0
3846,사무관리,0.0
3847,사무실,0.0
3848,사문,0.0
3849,사선,0.0
3850,사시,0.0
3851,사업자,0.0
3852,사오다,0.0
3853,사용개정,0.0
3854,사용계약서,0.0
3855,사용디월트,0.0
3856,사용배훈종,0.0
3857,사용수특,0.0
3858,사용아이오,0.0
3859,사용안녕하다,0.0
3860,사용자데이트,0.0
3861,사용자외우다,0.0
3862,사용잘못,0.0
3863,사용태블릿,0.0
3864,사용파일,0.0
3865,사운드웨이브,0.0
3866,사은,0.0
3867,사의,0.0
3868,사이즈새다,0.0
3869,사이즈페리,0.0
3870,사이트인간,0.0
3871,상식,0.0
3872,상이,0.0
3873,선물,0.0
3874,서다버리다,0.0
3875,서다스핀,0.0
3876,서다오늘,0.0
3877,서다유투브,0.0
3878,서다자동차,0.0
3879,서다첨부파일,0.0
3880,서다취급,0.0
3881,서도현재,0.0
3882,서면,0.0
3883,서명간단,0.0
3884,서비스,0.0
3885,서비스타로카드,0.0
3886,서서히,0.0
3887,서여,0.0
3888,서인,0.0
3889,서지,0.0
3890,서쪽,0.0
3891,서치,0.0
3892,서평,0.0
3893,서평제품,0.0
3894,서핑,0.0
3895,서향,0.0
3896,석사,0.0
3897,석식,0.0
3898,섞다,0.0
3899,선공,0.0
3900,서다보통,0.0
3901,서다마차,0.0
3902,상처,0.0
3903,서다들다,0.0
3904,상품구매디스플레이,0.0
3905,상품기능,0.0
3906,상품상품,0.0
3907,상황상품,0.0
3908,새다,0.0
3909,새턴,0.0
3910,색깔,0.0
3911,색상,0.0
3912,색상표,0.0
3913,색상품번,0.0
3914,샌드그린,0.0
3915,샘플,0.0
3916,생략,0.0
3917,생명과학차량,0.0
3918,생사초보,0.0
3919,생살,0.0
3920,생활,0.0
3921,샤아,0.0
3922,샹들리시스,0.0
3923,서구,0.0
3924,서구안녕하다,0.0
3925,서나,0.0
3926,서다기능,0.0
3927,서다남친,0.0
3928,서다다운,0.0
3929,스테이플러,0.0
3930,스테이플러이제,0.0
3931,스토리,0.0
3932,아티,0.0
3933,악기건반,0.0
3934,안건,0.0
3935,안내서,0.0
3936,안내서정부,0.0
3937,안내서출고,0.0
3938,안내인생,0.0
3939,안다,0.0
3940,안되다뉴비,0.0
3941,안되다첨부파일,0.0
3942,안되다큐브,0.0
3943,안되다한화,0.0
3944,안드로이드,0.0
3945,안료,0.0
3946,안보오늘,0.0
3947,안전보장,0.0
3948,안전하다,0.0
3949,안좋다,0.0
3950,안주,0.0
3951,안주시,0.0
3952,앉다,0.0
3953,않다루나,0.0
3954,않다서다,0.0
3955,않다안녕하다,0.0
3956,않다오디오,0.0
3957,않다첨부파일,0.0
3958,아프다,0.0
3959,아키라,0.0
3960,알다병아리,0.0
3961,아카츠키,0.0
3962,아니다페이지,0.0
3963,아니다회사,0.0
3964,아동세텍,0.0
3965,아들,0.0
3966,아래비빔밥,0.0
3967,아래시망,0.0
3968,아마,0.0
3969,아메리카노,0.0
3970,아모,0.0
3971,아반떼,0.0
3972,아빠,0.0
3973,아시답답하다,0.0
3974,아시독일,0.0
3975,아시물건,0.0
3976,아시뭔가,0.0
3977,아시아니다,0.0
3978,아시전기,0.0
3979,아웃,0.0
3980,아이코닉,0.0
3981,아이탬,0.0
3982,아이폰,0.0
3983,아절트,0.0
3984,아주뮤테,0.0
3985,아주토미,0.0
3986,아침,0.0
3987,알다간단하다,0.0
3988,알다분실,0.0
3989,아니다요즘,0.0
3990,애칭,0.0
3991,액땜,0.0
3992,액베,0.0
3993,액티브,0.0
3994,앰비언트,0.0
3995,앰플,0.0
3996,앵글,0.0
3997,야마,0.0
3998,야하다서다,0.0
3999,야하다척추,0.0
4000,약관,0.0
4001,약물,0.0
4002,약품,0.0
4003,얀마,0.0
4004,얇다,0.0
4005,얇다아베,0.0
4006,양갈래,0.0
4007,양산,0.0
4008,양호,0.0
4009,양호그냥,0.0
4010,얘기종기,0.0
4011,어간,0.0
4012,어깨,0.0
4013,어도다르다,0.0
4014,어둡다,0.0
4015,어드벤스드팩,0.0
4016,애플폰,0.0
4017,애초,0.0
4018,알다상품,0.0
4019,애매,0.0
4020,알다서다,0.0
4021,알다석사,0.0
4022,알다수특,0.0
4023,알다스타,0.0
4024,알다어렵다,0.0
4025,알다영업,0.0
4026,알다올라오다,0.0
4027,알다임프레션,0.0
4028,알다작품,0.0
4029,알다확인,0.0
4030,알림,0.0
4031,알차다,0.0
4032,알차다코스,0.0
4033,알파,0.0
4034,알파벳,0.0
4035,알피,0.0
4036,암기,0.0
4037,암만,0.0
4038,압력계,0.0
4039,압축,0.0
4040,앙상블,0.0
4041,앞쪽현대,0.0
4042,애가,0.0
4043,애니,0.0
4044,애니멀,0.0
4045,아니다중고,0.0
4046,아니다안녕하다,0.0
4047,스트레스,0.0
4048,시작,0.0
4049,시트,0.0
4050,식스,0.0
4051,식이,0.0
4052,식품,0.0
4053,식품첨가물,0.0
4054,신고아들,0.0
4055,신규,0.0
4056,신기하다,0.0
4057,신다,0.0
4058,신다상품,0.0
4059,신분검침,0.0
4060,신분급발진,0.0
4061,신분상품,0.0
4062,신분싼타페,0.0
4063,신분요즘,0.0
4064,신분인포테인먼트,0.0
4065,신분주유소,0.0
4066,신분첨부파일,0.0
4067,신선하다,0.0
4068,신속하다,0.0
4069,신속하다질의,0.0
4070,신입사원,0.0
4071,신장,0.0
4072,신제품,0.0
4073,신지,0.0
4074,시중,0.0
4075,시운전,0.0
4076,신축,0.0
4077,시안,0.0
4078,스티,0.0
4079,스티어링휠,0.0
4080,스팀,0.0
4081,스파,0.0
4082,스파이더,0.0
4083,스패너,0.0
4084,스포츠,0.0
4085,스피커,0.0
4086,스핀,0.0
4087,슬림,0.0
4088,슬립,0.0
4089,슬슬,0.0
4090,습관,0.0
4091,시가,0.0
4092,시공,0.0
4093,시공사,0.0
4094,시니어,0.0
4095,시대,0.0
4096,시도,0.0
4097,시디차량,0.0
4098,시력,0.0
4099,시리즈,0.0
4100,시리즈입어보다,0.0
4101,시세,0.0
4102,시아,0.0
4103,신청,0.0
4104,신향,0.0
4105,아니다서다,0.0
4106,써다퍼식이,0.0
4107,썬팅,0.0
4108,썬팅지인,0.0
4109,쏘다,0.0
4110,쏟다,0.0
4111,쏟아지다,0.0
4112,쏠쏠,0.0
4113,쏠쏠하다,0.0
4114,쓰다상품,0.0
4115,쓰시,0.0
4116,쓰시첨부파일,0.0
4117,쓴다,0.0
4118,씁쓸하다,0.0
4119,씨텍,0.0
4120,씹다,0.0
4121,씻다,0.0
4122,아가,0.0
4123,아기,0.0
4124,아깝다,0.0
4125,아깝다요즘,0.0
4126,아니다개봉,0.0
4127,아니다로렌스,0.0
4128,아니다미주리,0.0
4129,아니다보다,0.0
4130,아니다사용,0.0
4131,아니다상품,0.0
4132,썩힐순,0.0
4133,써다가격,0.0
4134,실감하루,0.0
4135,쌍용동,0.0
4136,실망예전,0.0
4137,실무,0.0
4138,실물,0.0
4139,실사,0.0
4140,실선,0.0
4141,실수한경희,0.0
4142,실시,0.0
4143,실용,0.0
4144,실질,0.0
4145,실천,0.0
4146,실하다,0.0
4147,실행,0.0
4148,심리,0.0
4149,심리학,0.0
4150,심사,0.0
4151,십진법,0.0
4152,싱겁다,0.0
4153,싱하,0.0
4154,싶다가로등,0.0
4155,싶다소장,0.0
4156,싶다안녕하다,0.0
4157,싶다첨부파일,0.0
4158,싶다한글,0.0
4159,싶드당시,0.0
4160,싸다,0.0
4161,사면,0.0
4162,사르다,0.0
4163,메뉴얼블럭,0.0
4164,발주,0.0
4165,받다차량,0.0
4166,받다차종,0.0
4167,받다출시,0.0
4168,받침,0.0
4169,발골,0.0
4170,발급,0.0
4171,발달장애,0.0
4172,발뺌,0.0
4173,발생파일,0.0
4174,발송,0.0
4175,발암,0.0
4176,발전,0.0
4177,발진,0.0
4178,사람조립,0.0
4179,발코니,0.0
4180,발판,0.0
4181,발판더뉴,0.0
4182,발표,0.0
4183,발행차량,0.0
4184,밝기,0.0
4185,밟다,0.0
4186,밤새,0.0
4187,방가,0.0
4188,방금,0.0
4189,방대하다,0.0
4190,방법발란,0.0
4191,받다중고,0.0
4192,받다제품,0.0
4193,받다오류,0.0
4194,받다액베,0.0
4195,박물관,0.0
4196,박사,0.0
4197,박살,0.0
4198,박아,0.0
4199,박히다현재,0.0
4200,반값,0.0
4201,반다이읽다,0.0
4202,반대쪽,0.0
4203,반면,0.0
4204,반응,0.0
4205,반응확인,0.0
4206,반편,0.0
4207,반품,0.0
4208,반하다들다,0.0
4209,받다랭글러님,0.0
4210,받다링크,0.0
4211,받다사이트,0.0
4212,받다상가,0.0
4213,받다수능특강약학정보원,0.0
4214,받다스타,0.0
4215,받다신나다,0.0
4216,받다신분판매,0.0
4217,받다실사,0.0
4218,받다실제,0.0
4219,받다안녕하다,0.0
4220,방법부모님,0.0
4221,방법사실,0.0
4222,방법진짜,0.0
4223,버튼그것,0.0
4224,버핑패드,0.0
4225,번거롭다,0.0
4226,번만,0.0
4227,번역기,0.0
4228,번역기상품,0.0
4229,번은,0.0
4230,번지,0.0
4231,번차,0.0
4232,번호판,0.0
4233,벌다,0.0
4234,벌써,0.0
4235,벌어지다,0.0
4236,범양,0.0
4237,법도,0.0
4238,법무사,0.0
4239,법안,0.0
4240,법원,0.0
4241,법인,0.0
4242,법적,0.0
4243,법적오늘,0.0
4244,법좀,0.0
4245,벗어나다,0.0
4246,베다,0.0
4247,베르크,0.0
4248,베스트셀러,0.0
4249,버핑,0.0
4250,버체때,0.0
4251,방전,0.0
4252,버시길,0.0
4253,방지,0.0
4254,방치,0.0
4255,배고프다,0.0
4256,배관,0.0
4257,배관실수,0.0
4258,배려,0.0
4259,배배,0.0
4260,배선,0.0
4261,배송지,0.0
4262,배수,0.0
4263,배우,0.0
4264,배우다,0.0
4265,배우다가격,0.0
4266,배우다푸조,0.0
4267,배정,0.0
4268,배포,0.0
4269,백발,0.0
4270,백지상태,0.0
4271,밴드,0.0
4272,버리다서다,0.0
4273,버리다실링,0.0
4274,버리다오늘,0.0
4275,버리다용다,0.0
4276,버리다첨부파일,0.0
4277,버버벅,0.0
4278,바트,0.0
4279,바탕가다,0.0
4280,바탕,0.0
4281,모르다제네시스,0.0
4282,모르다항상,0.0
4283,모르다확인,0.0
4284,모션,0.0
4285,모으다나트랑,0.0
4286,모자,0.0
4287,모자이크,0.0
4288,모터,0.0
4289,모텔,0.0
4290,모토,0.0
4291,목적아르카,0.0
4292,목적처음,0.0
4293,목차,0.0
4294,몰다,0.0
4295,몰래,0.0
4296,몸통,0.0
4297,못구,0.0
4298,무겁다,0.0
4299,무게,0.0
4300,무기,0.0
4301,무기오늘,0.0
4302,무난,0.0
4303,무등등,0.0
4304,무려,0.0
4305,무방,0.0
4306,무선,0.0
4307,모르다취급,0.0
4308,모르다용법,0.0
4309,무시,0.0
4310,모르다없다,0.0
4311,메모리,0.0
4312,메시지,0.0
4313,메이드,0.0
4314,메이즈,0.0
4315,메일,0.0
4316,며칠,0.0
4317,면적,0.0
4318,명인,0.0
4319,명작,0.0
4320,명절,0.0
4321,명칭,0.0
4322,명품,0.0
4323,몇몇,0.0
4324,몇장,0.0
4325,몇퍼,0.0
4326,모노,0.0
4327,모니터,0.0
4328,모델예전,0.0
4329,모든상품,0.0
4330,모르다none성명,0.0
4331,모르다베베,0.0
4332,모르다보다,0.0
4333,모르다부산,0.0
4334,모르다브레빌,0.0
4335,모르다시스템,0.0
4336,무섭다,0.0
4337,무장,0.0
4338,바퀴,0.0
4339,미소년,0.0
4340,미싱,0.0
4341,미처,0.0
4342,미치다,0.0
4343,미터,0.0
4344,미흡하다,0.0
4345,민원,0.0
4346,민폐,0.0
4347,민하,0.0
4348,믿다,0.0
4349,밀리다,0.0
4350,밀리터리,0.0
4351,밀팔,0.0
4352,밀푀유중개,0.0
4353,밑천,0.0
4354,바늘조립,0.0
4355,바라다서랍,0.0
4356,바라다쉐비,0.0
4357,바라다여자,0.0
4358,바라다중고,0.0
4359,바라다확인,0.0
4360,바르다,0.0
4361,바이퍼조립,0.0
4362,바잠,0.0
4363,바잠합체,0.0
4364,바조,0.0
4365,미숙,0.0
4366,미소녀,0.0
4367,무장아프다,0.0
4368,미러,0.0
4369,무전기,0.0
4370,무조건,0.0
4371,묵고,0.0
4372,묵다,0.0
4373,문구,0.0
4374,문득,0.0
4375,문서,0.0
4376,문안,0.0
4377,문의용법,0.0
4378,문자,0.0
4379,문제신분,0.0
4380,문제케이스,0.0
4381,문화,0.0
4382,물들다,0.0
4383,물방울안녕하다,0.0
4384,물어,0.0
4385,물질,0.0
4386,물티슈,0.0
4387,뭐볼,0.0
4388,미개,0.0
4389,미기,0.0
4390,미남,0.0
4391,미니랙,0.0
4392,미니며칠,0.0
4393,미니쿠퍼,0.0
4394,베스파,0.0
4395,베이,0.0
4396,베이직,0.0
4397,분도,0.0
4398,분만,0.0
4399,분명하다,0.0
4400,분야,0.0
4401,분지,0.0
4402,분초,0.0
4403,분해,0.0
4404,분홍,0.0
4405,불가,0.0
4406,불가능하다,0.0
4407,불가엄마,0.0
4408,불가하다,0.0
4409,불길하다,0.0
4410,불량,0.0
4411,불로,0.0
4412,불법,0.0
4413,불안하다,0.0
4414,불어,0.0
4415,불펜,0.0
4416,붙다선물,0.0
4417,붙잡다,0.0
4418,뷔페,0.0
4419,브라켓,0.0
4420,브레빌과학,0.0
4421,브레빌받다,0.0
4422,브레이,0.0
4423,분량,0.0
4424,분노,0.0
4425,브릭,0.0
4426,북커버,0.0
4427,부탁드리다안녕하다,0.0
4428,부탁드리다어보,0.0
4429,부탁드리다오토바이,0.0
4430,부탁드리다요즘,0.0
4431,부탁드리다인쇄,0.0
4432,부탁드리다저자,0.0
4433,부탁드리다제품,0.0
4434,부탁드리다중고,0.0
4435,부탁드리다최근,0.0
4436,부탁드리다출시,0.0
4437,부탁드리다크다,0.0
4438,부탁드리다토지,0.0
4439,부탁드리다틀리다,0.0
4440,부탁드리다페이지,0.0
4441,부탁드리다학원,0.0
4442,부탁드리다협회,0.0
4443,부탁드리다확인,0.0
4444,부탁비스,0.0
4445,부탁완성,0.0
4446,부탁주재,0.0
4447,부탁하브,0.0
4448,부탁확인,0.0
4449,부풀다,0.0
4450,부품계약서,0.0
4451,북스,0.0
4452,브리,0.0
4453,브탁,0.0
4454,부탁드리다비츠로,0.0
4455,빈티,0.0
4456,빌드들,0.0
4457,빌라,0.0
4458,빌라전체,0.0
4459,빗다,0.0
4460,빠듯하,0.0
4461,빠르다,0.0
4462,빠지다,0.0
4463,빨강,0.0
4464,빵류,0.0
4465,빼놓다,0.0
4466,빼다,0.0
4467,빼다상품,0.0
4468,빼주,0.0
4469,뽑다,0.0
4470,뿌리,0.0
4471,뿌리다,0.0
4472,뿌리다상품,0.0
4473,삐라,0.0
4474,사각형,0.0
4475,사고,0.0
4476,사과,0.0
4477,사기기전,0.0
4478,사내,0.0
4479,사도,0.0
4480,사라지다,0.0
4481,빌다,0.0
4482,빈칸,0.0
4483,블랙,0.0
4484,빅히트,0.0
4485,블랙박스,0.0
4486,블랙베리,0.0
4487,블럭,0.0
4488,블레이즈,0.0
4489,블루,0.0
4490,블루핸즈,0.0
4491,비닐봉지며칠,0.0
4492,비다신차,0.0
4493,비리다,0.0
4494,비비다,0.0
4495,비빔면,0.0
4496,비빔밥,0.0
4497,비빔밥작년,0.0
4498,비스킷,0.0
4499,비어,0.0
4500,비엔날레,0.0
4501,비엣제,0.0
4502,비오네레고,0.0
4503,비용,0.0
4504,비우다세력,0.0
4505,비율,0.0
4506,비치,0.0
4507,비트코인,0.0
4508,비행,0.0
4509,비행기,0.0
4510,부탁드리다상품,0.0
4511,부탁드리다다음주,0.0
4512,베타,0.0
4513,보다발리,0.0
4514,보다부동산,0.0
4515,보다분실,0.0
4516,보다비머,0.0
4517,보다슈퍼노바,0.0
4518,보다시계,0.0
4519,보다신분확인,0.0
4520,보다안녕하다,0.0
4521,보다어디가,0.0
4522,보다올드레,0.0
4523,보다이점,0.0
4524,보다입회,0.0
4525,보다자랑,0.0
4526,보다제목,0.0
4527,보다중간,0.0
4528,보다중고,0.0
4529,보다즐기다,0.0
4530,보다지금,0.0
4531,보다첨부파일,0.0
4532,보다최근,0.0
4533,보다파일,0.0
4534,보다패턴,0.0
4535,보다한글,0.0
4536,보드,0.0
4537,보라,0.0
4538,보렵,0.0
4539,보다법인,0.0
4540,보다바지락,0.0
4541,보시퀄리티,0.0
4542,보다말리부,0.0
4543,베터리할껀,0.0
4544,벤츠,0.0
4545,벽안,0.0
4546,변경해당,0.0
4547,변색,0.0
4548,변신,0.0
4549,변신안다,0.0
4550,변전,0.0
4551,변형,0.0
4552,변환,0.0
4553,별거,0.0
4554,보고서,0.0
4555,보고안녕하다,0.0
4556,보관지워지다,0.0
4557,보구,0.0
4558,보기도구,0.0
4559,보내다상품,0.0
4560,보닛,0.0
4561,보다게임,0.0
4562,보다구매,0.0
4563,보다까막눈,0.0
4564,보다당근,0.0
4565,보다덧글,0.0
4566,보다도대체,0.0
4567,보다레고,0.0
4568,보시코멘트,0.0
4569,보신,0.0
4570,부탁드리다뉴비,0.0
4571,봉지,0.0
4572,부가세,0.0
4573,부동,0.0
4574,부모님,0.0
4575,부부,0.0
4576,부분가다,0.0
4577,부분사진,0.0
4578,부분설연휴,0.0
4579,부분첨부파일,0.0
4580,부산상사,0.0
4581,부서,0.0
4582,부속품,0.0
4583,부쉈네,0.0
4584,부실하다,0.0
4585,부의,0.0
4586,부작용,0.0
4587,부재,0.0
4588,부족하다상기,0.0
4589,부족하다현재,0.0
4590,부착,0.0
4591,부칙,0.0
4592,부탁드리다가지,0.0
4593,부탁드리다계약,0.0
4594,부탁드리다공산품,0.0
4595,부탁드리다구글,0.0
4596,부탁드리다구매,0.0
4597,봉투,0.0
4598,볼트,0.0
4599,보여주다,0.0
4600,볼일,0.0
4601,보여쥬실,0.0
4602,보완,0.0
4603,보유,0.0
4604,보이,0.0
4605,보이다가다,0.0
4606,보이다기아,0.0
4607,보이다찾다,0.0
4608,보이다출처,0.0
4609,보이다취급,0.0
4610,보이지계약서,0.0
4611,보조이사,0.0
4612,보증금,0.0
4613,보지에타,0.0
4614,보통계약,0.0
4615,보통확인,0.0
4616,보험,0.0
4617,보호,0.0
4618,복구,0.0
4619,복수형,0.0
4620,복용,0.0
4621,본사,0.0
4622,본적,0.0
4623,볼때,0.0
4624,볼라,0.0
4625,볼루,0.0
4626,힘차다,0.0
